... compile support/base
... compile support/debug
... compile support/io
... compile support/json
... execute compile job (compile-file /private/tmp/mrr-clean-graph-sdk/lib/clan/poo/support/base~0.scm)
... execute compile job (compile-file /private/tmp/mrr-clean-graph-sdk/lib/clan/poo/support/base.scm)
... execute compile job (compile-file /private/tmp/mrr-clean-graph-sdk/lib/clan/poo/support/debug~0.scm)
... execute compile job (compile-file /private/tmp/mrr-clean-graph-sdk/lib/clan/poo/support/debug.scm)
... compile support/list
... compile support/option
... compile support/rationaldict
... compile support/repr
... execute compile job (compile-file /private/tmp/mrr-clean-graph-sdk/lib/clan/poo/support/base~1.scm)
... compile support/syntax
... compile object
... compile proto
... compile support/testing
... execute compile job (compile-file /private/tmp/mrr-clean-graph-sdk/lib/clan/poo/support/json~0.scm)
... execute compile job (compile-file /private/tmp/mrr-clean-graph-sdk/lib/clan/poo/support/json.scm)
... execute compile job (compile-file /private/tmp/mrr-clean-graph-sdk/lib/clan/poo/support/io~0.scm)
... execute compile job (compile-file /private/tmp/mrr-clean-graph-sdk/lib/clan/poo/support/io.scm)
... execute compile job (compile-file /private/tmp/mrr-clean-graph-sdk/lib/clan/poo/support/list~0.scm)
... compile brace
... compile cli
... compile mop
... execute compile job (compile-file /private/tmp/mrr-clean-graph-sdk/lib/clan/poo/support/list.scm)
... execute compile job (compile-file /private/tmp/mrr-clean-graph-sdk/lib/clan/poo/support/option~0.scm)
... execute compile job (compile-file /private/tmp/mrr-clean-graph-sdk/lib/clan/poo/support/option.scm)
... execute compile job (compile-file /private/tmp/mrr-clean-graph-sdk/lib/clan/poo/support/repr~0.scm)
... execute compile job (compile-file /private/tmp/mrr-clean-graph-sdk/lib/clan/poo/support/repr.scm)
... execute compile job (compile-file /private/tmp/mrr-clean-graph-sdk/lib/clan/poo/support/rationaldict~0.scm)
... compile io
... compile t/table-testing
... execute compile job (compile-file /private/tmp/mrr-clean-graph-sdk/lib/clan/poo/support/rationaldict.scm)
... compile number
... execute compile job (compile-file /private/tmp/mrr-clean-graph-sdk/lib/clan/poo/support/option~1.scm)
... compile type
... execute compile job (compile-file /private/tmp/mrr-clean-graph-sdk/lib/clan/poo/support/rationaldict~1.scm)
... compile fq
... compile polynomial
... compile table
... compile debug
... execute compile job (compile-file /private/tmp/mrr-clean-graph-sdk/lib/clan/poo/support/syntax.scm)
... execute compile job (compile-file /private/tmp/mrr-clean-graph-sdk/lib/clan/poo/object~0.scm)
... compile fun
... execute compile job (compile-file /private/tmp/mrr-clean-graph-sdk/lib/clan/poo/object.scm)
... execute compile job (compile-file /private/tmp/mrr-clean-graph-sdk/lib/clan/poo/proto~0.scm)
... compile rationaldict
... compile trie
... execute compile job (compile-file /private/tmp/mrr-clean-graph-sdk/lib/clan/poo/proto.scm)
... execute compile job (compile-file /private/tmp/mrr-clean-graph-sdk/lib/clan/poo/support/syntax~1.scm)
... execute compile job (compile-file /private/tmp/mrr-clean-graph-sdk/lib/clan/poo/support/testing~0.scm)
... execute compile job (compile-file /private/tmp/mrr-clean-graph-sdk/lib/clan/poo/support/testing.scm)
... execute compile job (compile-file /private/tmp/mrr-clean-graph-sdk/lib/clan/poo/support/testing~1.scm)
... execute compile job (compile-file /private/tmp/mrr-clean-graph-sdk/lib/clan/poo/object~1.scm)
... execute compile job (compile-file /private/tmp/mrr-clean-graph-sdk/lib/clan/poo/brace.scm)
... execute compile job (compile-file /private/tmp/mrr-clean-graph-sdk/lib/clan/poo/brace~1.scm)
... execute compile job (compile-file /private/tmp/mrr-clean-graph-sdk/lib/clan/poo/cli~0.scm)
... execute compile job (compile-file /private/tmp/mrr-clean-graph-sdk/lib/clan/poo/cli.scm)
... execute compile job (compile-file /private/tmp/mrr-clean-graph-sdk/lib/clan/poo/mop~0.scm)
... execute compile job (compile-file /private/tmp/mrr-clean-graph-sdk/lib/clan/poo/mop.scm)
... execute compile job (compile-file /private/tmp/mrr-clean-graph-sdk/lib/clan/poo/mop~1.scm)
... execute compile job (compile-file /private/tmp/mrr-clean-graph-sdk/lib/clan/poo/io~0.scm)
... execute compile job (compile-file /private/tmp/mrr-clean-graph-sdk/lib/clan/poo/io.scm)
... execute compile job (compile-file /private/tmp/mrr-clean-graph-sdk/lib/clan/poo/io~1.scm)
... execute compile job (compile-file /private/tmp/mrr-clean-graph-sdk/lib/clan/poo/t/table-testing~0.scm)
... execute compile job (compile-file /private/tmp/mrr-clean-graph-sdk/lib/clan/poo/t/table-testing.scm)
... execute compile job (compile-file /private/tmp/mrr-clean-graph-sdk/lib/clan/poo/number~0.scm)
... execute compile job (compile-file /private/tmp/mrr-clean-graph-sdk/lib/clan/poo/number.scm)
... execute compile job (compile-file /private/tmp/mrr-clean-graph-sdk/lib/clan/poo/t/table-testing~1.scm)
... execute compile job (compile-file /private/tmp/mrr-clean-graph-sdk/lib/clan/poo/type~0.scm)
... execute compile job (compile-file /private/tmp/mrr-clean-graph-sdk/lib/clan/poo/type.scm)
... execute compile job (compile-file /private/tmp/mrr-clean-graph-sdk/lib/clan/poo/type~1.scm)
... execute compile job (compile-file /private/tmp/mrr-clean-graph-sdk/lib/clan/poo/fq~0.scm)
... execute compile job (compile-file /private/tmp/mrr-clean-graph-sdk/lib/clan/poo/fq.scm)
... execute compile job (compile-file /private/tmp/mrr-clean-graph-sdk/lib/clan/poo/debug~0.scm)
... execute compile job (compile-file /private/tmp/mrr-clean-graph-sdk/lib/clan/poo/debug.scm)
... execute compile job (compile-file /private/tmp/mrr-clean-graph-sdk/lib/clan/poo/table~0.scm)
... execute compile job (compile-file /private/tmp/mrr-clean-graph-sdk/lib/clan/poo/table.scm)
... execute compile job (compile-file /private/tmp/mrr-clean-graph-sdk/lib/clan/poo/polynomial~0.scm)
... execute compile job (compile-file /private/tmp/mrr-clean-graph-sdk/lib/clan/poo/polynomial.scm)
... execute compile job (compile-file /private/tmp/mrr-clean-graph-sdk/lib/clan/poo/table~1.scm)
... execute compile job (compile-file /private/tmp/mrr-clean-graph-sdk/lib/clan/poo/polynomial~1.scm)
... execute compile job (compile-file /private/tmp/mrr-clean-graph-sdk/lib/clan/poo/debug~1.scm)
... execute compile job (compile-file /private/tmp/mrr-clean-graph-sdk/lib/clan/poo/fun~0.scm)
... execute compile job (compile-file /private/tmp/mrr-clean-graph-sdk/lib/clan/poo/fun.scm)
... execute compile job (compile-file /private/tmp/mrr-clean-graph-sdk/lib/clan/poo/rationaldict~0.scm)
... execute compile job (compile-file /private/tmp/mrr-clean-graph-sdk/lib/clan/poo/rationaldict.scm)
... execute compile job (compile-file /private/tmp/mrr-clean-graph-sdk/lib/clan/poo/trie~0.scm)
... execute compile job (compile-file /private/tmp/mrr-clean-graph-sdk/lib/clan/poo/trie.scm)
... execute compile job (compile-file /private/tmp/mrr-clean-graph-sdk/lib/clan/poo/trie~1.scm)
... compile src/benchmark/statistics.ss
... compile src/benchmark/report.ss
... compile src/benchmark/memory.ss
... compile src/build-api/resident-import-footprint.ss
... execute compile job (compile-file /private/tmp/mrr-clean-graph-sdk/lib/asp-gerbil-scheme/src/benchmark/statistics~0.scm)
... execute compile job (compile-file /private/tmp/mrr-clean-graph-sdk/lib/asp-gerbil-scheme/src/benchmark/statistics.scm)
... compile src/build-api/package-build.ss
... execute compile job (compile-file /private/tmp/mrr-clean-graph-sdk/lib/asp-gerbil-scheme/src/benchmark/report~0.scm)
... execute compile job (compile-file /private/tmp/mrr-clean-graph-sdk/lib/asp-gerbil-scheme/src/benchmark/report.scm)
... execute compile job (compile-file /private/tmp/mrr-clean-graph-sdk/lib/asp-gerbil-scheme/src/benchmark/memory~0.scm)
... execute compile job (compile-file /private/tmp/mrr-clean-graph-sdk/lib/asp-gerbil-scheme/src/benchmark/memory.scm)
... compile src/build-api/core-capacity.ss
... compile src/build-api/module-artifacts.ss
... compile src/build-api/native-spec-support.ss
... compile src/types/model-syntax.ss
... compile src/types/findings.ss
... compile src/object-family/syntax.ss
... compile src/runtime/provider-http-json-client.ss
... execute compile job (compile-file /private/tmp/mrr-clean-graph-sdk/lib/asp-gerbil-scheme/src/build-api/resident-import-footprint~0.scm)
... execute compile job (compile-file /private/tmp/mrr-clean-graph-sdk/lib/asp-gerbil-scheme/src/build-api/resident-import-footprint.scm)
... execute compile job (compile-file /private/tmp/mrr-clean-graph-sdk/lib/asp-gerbil-scheme/src/build-api/package-build~0.scm)
... execute compile job (compile-file /private/tmp/mrr-clean-graph-sdk/lib/asp-gerbil-scheme/src/build-api/package-build.scm)
... execute compile job (compile-file /private/tmp/mrr-clean-graph-sdk/lib/asp-gerbil-scheme/src/build-api/core-capacity~0.scm)
... execute compile job (compile-file /private/tmp/mrr-clean-graph-sdk/lib/asp-gerbil-scheme/src/build-api/core-capacity.scm)
... execute compile job (compile-file /private/tmp/mrr-clean-graph-sdk/lib/asp-gerbil-scheme/src/build-api/module-artifacts~0.scm)
... execute compile job (compile-file /private/tmp/mrr-clean-graph-sdk/lib/asp-gerbil-scheme/src/build-api/module-artifacts.scm)
... execute compile job (compile-file /private/tmp/mrr-clean-graph-sdk/lib/asp-gerbil-scheme/src/build-api/native-spec-support~0.scm)
... execute compile job (compile-file /private/tmp/mrr-clean-graph-sdk/lib/asp-gerbil-scheme/src/build-api/native-spec-support.scm)
... execute compile job (compile-file /private/tmp/mrr-clean-graph-sdk/lib/asp-gerbil-scheme/src/types/model-syntax~0.scm)
... execute compile job (compile-file /private/tmp/mrr-clean-graph-sdk/lib/asp-gerbil-scheme/src/types/model-syntax.scm)
... compile src/language/evidence.ss
... execute compile job (compile-file /private/tmp/mrr-clean-graph-sdk/lib/asp-gerbil-scheme/src/types/findings~0.scm)
... execute compile job (compile-file /private/tmp/mrr-clean-graph-sdk/lib/asp-gerbil-scheme/src/types/findings.scm)
... execute compile job (compile-file /private/tmp/mrr-clean-graph-sdk/lib/asp-gerbil-scheme/src/object-family/syntax~0.scm)
... execute compile job (compile-file /private/tmp/mrr-clean-graph-sdk/lib/asp-gerbil-scheme/src/object-family/syntax.scm)
... compile src/protocol/json-output.ss
... compile src/protocol/support.ss
... compile src/parser/source-class.ss
... compile src/parser/list-prefix.ss
... compile src/parser/typed-contract-token.ss
... compile src/parser/reader.ss
... execute compile job (compile-file /private/tmp/mrr-clean-graph-sdk/lib/asp-gerbil-scheme/src/runtime/provider-http-json-client~0.scm)
... execute compile job (compile-file /private/tmp/mrr-clean-graph-sdk/lib/asp-gerbil-scheme/src/runtime/provider-http-json-client.scm)
... execute compile job (compile-file /private/tmp/mrr-clean-graph-sdk/lib/asp-gerbil-scheme/src/types/findings~1.scm)
... compile src/parser/model.ss
... execute compile job (compile-file /private/tmp/mrr-clean-graph-sdk/lib/asp-gerbil-scheme/src/object-family/syntax~1.scm)
... execute compile job (compile-file /private/tmp/mrr-clean-graph-sdk/lib/asp-gerbil-scheme/src/language/evidence~0.scm)
... compile src/parser/typed-comment-docs.ss
... compile src/parser/support.ss
... compile src/parser/typed-contract-scheme-expression.ss
... execute compile job (compile-file /private/tmp/mrr-clean-graph-sdk/lib/asp-gerbil-scheme/src/language/evidence.scm)
... execute compile job (compile-file /private/tmp/mrr-clean-graph-sdk/lib/asp-gerbil-scheme/src/protocol/json-output~0.scm)
... execute compile job (compile-file /private/tmp/mrr-clean-graph-sdk/lib/asp-gerbil-scheme/src/protocol/json-output.scm)
... compile src/extensions/model.ss
... compile src/extensions/poo-pattern-support.ss
... compile src/extensions/poo-source-ref-validation.ss
... compile src/utilities/functional.ss
... compile src/utilities/contracts.ss
... compile src/utilities/contract-syntax.ss
... compile src/testing/import-footprint-reader.ss
... compile src/support/args.ss
... execute compile job (compile-file /private/tmp/mrr-clean-graph-sdk/lib/asp-gerbil-scheme/src/protocol/support~0.scm)
... execute compile job (compile-file /private/tmp/mrr-clean-graph-sdk/lib/asp-gerbil-scheme/src/protocol/support.scm)
... compile src/support/time.ss
... compile src/support/list.ss
... compile src/constants.ss
... compile src/policy/agent-style-steering.ss
... execute compile job (compile-file /private/tmp/mrr-clean-graph-sdk/lib/asp-gerbil-scheme/src/parser/source-class~0.scm)
... execute compile job (compile-file /private/tmp/mrr-clean-graph-sdk/lib/asp-gerbil-scheme/src/parser/source-class.scm)
... execute compile job (compile-file /private/tmp/mrr-clean-graph-sdk/lib/asp-gerbil-scheme/src/parser/list-prefix~0.scm)
... compile src/policy/model.ss
... compile src/policy/prototype.ss
... compile src/policy/agent-style-shape-config.ss
... compile src/policy/agent-poo-callees.ss
... execute compile job (compile-file /private/tmp/mrr-clean-graph-sdk/lib/asp-gerbil-scheme/src/parser/list-prefix.scm)
... execute compile job (compile-file /private/tmp/mrr-clean-graph-sdk/lib/asp-gerbil-scheme/src/parser/typed-contract-token~0.scm)
... execute compile job (compile-file /private/tmp/mrr-clean-graph-sdk/lib/asp-gerbil-scheme/src/parser/typed-contract-token.scm)
... compile src/build-api/native-import-closure.ss
... compile src/policy/test-scope.ss
... compile src/build-api/native-profile.ss
... compile src/build-api/generated-module-projection.ss
... execute compile job (compile-file /private/tmp/mrr-clean-graph-sdk/lib/asp-gerbil-scheme/src/parser/reader~0.scm)
... execute compile job (compile-file /private/tmp/mrr-clean-graph-sdk/lib/asp-gerbil-scheme/src/parser/reader.scm)
... compile src/macro-governance/model.ss
... compile src/protocol/provider-operation-catalog.ss
... compile src/language/compare.ss
... compile src/parser/quality-shape-loop-driver.ss
... execute compile job (compile-file /private/tmp/mrr-clean-graph-sdk/lib/asp-gerbil-scheme/src/parser/reader~1.scm)
... execute compile job (compile-file /private/tmp/mrr-clean-graph-sdk/lib/asp-gerbil-scheme/src/parser/model~0.scm)
... compile src/parser/function-quality-signals.ss
... compile src/parser/selectors.ss
... compile src/parser/comment-quality-classifier.ss
... compile src/support/io.ss
... execute compile job (compile-file /private/tmp/mrr-clean-graph-sdk/lib/asp-gerbil-scheme/src/parser/model.scm)
... execute compile job (compile-file /private/tmp/mrr-clean-graph-sdk/lib/asp-gerbil-scheme/src/parser/typed-comment-docs~0.scm)
... execute compile job (compile-file /private/tmp/mrr-clean-graph-sdk/lib/asp-gerbil-scheme/src/parser/typed-comment-docs.scm)
... compile src/types/source-findings.ss
... compile src/extensions/poo-pattern-typeclass.ss
... compile src/format/core.ss
... compile src/testing/extension.ss
... execute compile job (compile-file /private/tmp/mrr-clean-graph-sdk/lib/asp-gerbil-scheme/src/parser/model~1.scm)
... execute compile job (compile-file /private/tmp/mrr-clean-graph-sdk/lib/asp-gerbil-scheme/src/parser/support~0.scm)
... compile src/utilities/projection.ss
... compile src/benchmark/micro-kernel.ss
... compile src/benchmark/fixture-model.ss
... compile src/parser/profile.ss
... compile src/snapshot/bench.ss
... compile src/parser/syntax-ast.ss
... compile src/parser/dependency-adapter-quality.ss
... compile src/parser/poo.ss
... execute compile job (compile-file /private/tmp/mrr-clean-graph-sdk/lib/asp-gerbil-scheme/src/parser/support.scm)
... compile src/parser/exports.ss
... execute compile job (compile-file /private/tmp/mrr-clean-graph-sdk/lib/asp-gerbil-scheme/src/parser/typed-contract-scheme-expression~0.scm)
... compile src/parser/package.ss
... compile src/parser/syntax-macro-family.ss
... compile src/parser/formals.ss
... compile src/parser/imports.ss
... compile src/policy/detection.ss
... compile src/policy/catalog.ss
... compile src/build-api/generated-artifact.ss
... execute compile job (compile-file /private/tmp/mrr-clean-graph-sdk/lib/asp-gerbil-scheme/src/parser/typed-contract-scheme-expression.scm)
... execute compile job (compile-file /private/tmp/mrr-clean-graph-sdk/lib/asp-gerbil-scheme/src/extensions/model~0.scm)
... compile src/build-api/package-spec.ss
... compile src/parser/comment-quality.ss
... compile src/extensions/poo-patterns.ss
... execute compile job (compile-file /private/tmp/mrr-clean-graph-sdk/lib/asp-gerbil-scheme/src/extensions/model.scm)
... execute compile job (compile-file /private/tmp/mrr-clean-graph-sdk/lib/asp-gerbil-scheme/src/extensions/poo-pattern-support~0.scm)
... compile src/format/files.ss
... execute compile job (compile-file /private/tmp/mrr-clean-graph-sdk/lib/asp-gerbil-scheme/src/extensions/poo-pattern-support.scm)
... compile testing-api.ss
... compile src/testing/debug-trace.ss
... compile src/testing/discovery-runner.ss
... compile src/testing/source-admission.ss
... execute compile job (compile-file /private/tmp/mrr-clean-graph-sdk/lib/asp-gerbil-scheme/src/extensions/model~1.scm)
... execute compile job (compile-file /private/tmp/mrr-clean-graph-sdk/lib/asp-gerbil-scheme/src/extensions/poo-source-ref-validation~0.scm)
... compile src/types/model.ss
... compile src/benchmark/fixture-contract.ss
... compile src/scenario/benchmark-contract.ss
... compile src/commands/project-resolution.ss
... execute compile job (compile-file /private/tmp/mrr-clean-graph-sdk/lib/asp-gerbil-scheme/src/extensions/poo-source-ref-validation.scm)
... execute compile job (compile-file /private/tmp/mrr-clean-graph-sdk/lib/asp-gerbil-scheme/src/utilities/functional~0.scm)
... compile src/parser/source-scope.ss
... compile src/parser/syntax-support.ss
... compile src/policy/repair-diagnostic.ss
... compile src/commands/guide-sections.ss
... execute compile job (compile-file /private/tmp/mrr-clean-graph-sdk/lib/asp-gerbil-scheme/src/utilities/functional.scm)
... compile building-api.ss
... compile src/build-api/source-bootstrap.ss
... compile src/extensions/poo-validation.ss
... compile src/policy/poo-source.ss
... execute compile job (compile-file /private/tmp/mrr-clean-graph-sdk/lib/asp-gerbil-scheme/src/utilities/contract-syntax.scm)
... execute compile job (compile-file /private/tmp/mrr-clean-graph-sdk/lib/asp-gerbil-scheme/src/utilities/contracts~0.scm)
... execute compile job (compile-file /private/tmp/mrr-clean-graph-sdk/lib/asp-gerbil-scheme/src/utilities/contracts.scm)
... compile src/format/facade.ss
... execute compile job (compile-file /private/tmp/mrr-clean-graph-sdk/lib/asp-gerbil-scheme/src/testing/import-footprint-reader~0.scm)
... execute compile job (compile-file /private/tmp/mrr-clean-graph-sdk/lib/asp-gerbil-scheme/src/testing/import-footprint-reader.scm)
... compile testing-debug-api.ss
... compile testing-runner-api.ss
... compile testing-source-admission-api.ss
... compile src/benchmark/gate.ss
... execute compile job (compile-file /private/tmp/mrr-clean-graph-sdk/lib/asp-gerbil-scheme/src/utilities/contract-syntax~1.scm)
... compile src/types/subtyping.ss
... compile src/types/signatures.ss
... execute compile job (compile-file /private/tmp/mrr-clean-graph-sdk/lib/asp-gerbil-scheme/src/utilities/contracts~1.scm)
... execute compile job (compile-file /private/tmp/mrr-clean-graph-sdk/lib/asp-gerbil-scheme/src/support/args~0.scm)
... compile src/types/validation-union.ss
... compile src/parser/definition-syntax.ss
... compile src/parser/syntax-calls.ss
... compile src/policy/repair-report.ss
... compile src/benchmark/framework.ss
... execute compile job (compile-file /private/tmp/mrr-clean-graph-sdk/lib/asp-gerbil-scheme/src/support/args.scm)
... execute compile job (compile-file /private/tmp/mrr-clean-graph-sdk/lib/asp-gerbil-scheme/src/support/time~0.scm)
... execute compile job (compile-file /private/tmp/mrr-clean-graph-sdk/lib/asp-gerbil-scheme/src/support/time.scm)
... compile src/testing/performance.ss
... compile src/types/env.ss
... compile src/types/validation.ss
... execute compile job (compile-file /private/tmp/mrr-clean-graph-sdk/lib/asp-gerbil-scheme/src/support/list~0.scm)
... compile src/parser/exact-owner.ss
... execute compile job (compile-file /private/tmp/mrr-clean-graph-sdk/lib/asp-gerbil-scheme/src/support/list.scm)
... compile src/parser/syntax.ss
... compile src/policy/repair.ss
... execute compile job (compile-file /private/tmp/mrr-clean-graph-sdk/lib/asp-gerbil-scheme/src/constants~0.scm)
... execute compile job (compile-file /private/tmp/mrr-clean-graph-sdk/lib/asp-gerbil-scheme/src/constants.scm)
... compile benchmark-api.ss
... compile src/types/core.ss
... compile src/commands/projection-batch.ss
... execute compile job (compile-file /private/tmp/mrr-clean-graph-sdk/lib/asp-gerbil-scheme/src/policy/agent-style-steering~0.scm)
... execute compile job (compile-file /private/tmp/mrr-clean-graph-sdk/lib/asp-gerbil-scheme/src/policy/agent-style-steering.scm)
... compile src/parser/typed-contract-scheme.ss
... execute compile job (compile-file /private/tmp/mrr-clean-graph-sdk/lib/asp-gerbil-scheme/src/policy/model~0.scm)
... compile src/extensions/poo-object-validation.ss
... execute compile job (compile-file /private/tmp/mrr-clean-graph-sdk/lib/asp-gerbil-scheme/src/policy/model.scm)
... compile src/parser/higher-order.ss
... compile src/parser/owner-items.ss
... execute compile job (compile-file /private/tmp/mrr-clean-graph-sdk/lib/asp-gerbil-scheme/src/policy/prototype~0.scm)
... execute compile job (compile-file /private/tmp/mrr-clean-graph-sdk/lib/asp-gerbil-scheme/src/policy/prototype.scm)
... execute compile job (compile-file /private/tmp/mrr-clean-graph-sdk/lib/asp-gerbil-scheme/src/policy/agent-style-shape-config~0.scm)
... compile src/parser/control-flow.ss
... execute compile job (compile-file /private/tmp/mrr-clean-graph-sdk/lib/asp-gerbil-scheme/src/policy/agent-style-shape-config.scm)
... execute compile job (compile-file /private/tmp/mrr-clean-graph-sdk/lib/asp-gerbil-scheme/src/policy/model~1.scm)
... compile src/parser/quality-shape.ss
... compile src/types/facade.ss
... execute compile job (compile-file /private/tmp/mrr-clean-graph-sdk/lib/asp-gerbil-scheme/src/policy/agent-poo-callees~0.scm)
... execute compile job (compile-file /private/tmp/mrr-clean-graph-sdk/lib/asp-gerbil-scheme/src/policy/agent-poo-callees.scm)
... compile src/parser/runtime-contract.ss
... execute compile job (compile-file /private/tmp/mrr-clean-graph-sdk/lib/asp-gerbil-scheme/src/build-api/native-import-closure~0.scm)
... compile src/parser/function-quality.ss
... execute compile job (compile-file /private/tmp/mrr-clean-graph-sdk/lib/asp-gerbil-scheme/src/build-api/native-import-closure.scm)
... execute compile job (compile-file /private/tmp/mrr-clean-graph-sdk/lib/asp-gerbil-scheme/src/policy/test-scope~0.scm)
... compile src/exact-source-projection.ss
... compile src/parser/typed-comment-metadata.ss
... execute compile job (compile-file /private/tmp/mrr-clean-graph-sdk/lib/asp-gerbil-scheme/src/policy/test-scope.scm)
... execute compile job (compile-file /private/tmp/mrr-clean-graph-sdk/lib/asp-gerbil-scheme/src/build-api/native-profile~0.scm)
... compile src/parser/typed-contract-diagnostics.ss
... execute compile job (compile-file /private/tmp/mrr-clean-graph-sdk/lib/asp-gerbil-scheme/src/build-api/native-profile.scm)
... compile src/parser/typed-contract-comment-index.ss
... execute compile job (compile-file /private/tmp/mrr-clean-graph-sdk/lib/asp-gerbil-scheme/src/build-api/generated-module-projection~0.scm)
... execute compile job (compile-file /private/tmp/mrr-clean-graph-sdk/lib/asp-gerbil-scheme/src/build-api/generated-module-projection.scm)
... execute compile job (compile-file /private/tmp/mrr-clean-graph-sdk/lib/asp-gerbil-scheme/src/macro-governance/model~0.scm)
... compile src/parser/typed-contract.ss
... compile src/parser/source-file.ss
... execute compile job (compile-file /private/tmp/mrr-clean-graph-sdk/lib/asp-gerbil-scheme/src/protocol/provider-operation-catalog~0.scm)
... compile src/parser/parse-workers.ss
... compile src/parser/test-source-scope.ss
... compile src/parser/core.ss
... compile src/parser/facade.ss
... execute compile job (compile-file /private/tmp/mrr-clean-graph-sdk/lib/asp-gerbil-scheme/src/protocol/provider-operation-catalog.scm)
... compile src/snapshot/support.ss
... compile src/package-manager/core.ss
... compile src/parser/language-projection.ss
... compile src/policy/agent-style-destructuring-signals.ss
... execute compile job (compile-file /private/tmp/mrr-clean-graph-sdk/lib/asp-gerbil-scheme/src/macro-governance/model.scm)
... execute compile job (compile-file /private/tmp/mrr-clean-graph-sdk/lib/asp-gerbil-scheme/src/language/compare~0.scm)
... execute compile job (compile-file /private/tmp/mrr-clean-graph-sdk/lib/asp-gerbil-scheme/src/language/compare.scm)
... compile src/policy/agent-style-gerbil-signal-support.ss
... compile src/policy/agent-poo-loop-support.ss
... compile src/policy/agent-style-message.ss
... compile src/policy/agent-basic-loop-support.ss
... execute compile job (compile-file /private/tmp/mrr-clean-graph-sdk/lib/asp-gerbil-scheme/src/parser/quality-shape-loop-driver~0.scm)
... execute compile job (compile-file /private/tmp/mrr-clean-graph-sdk/lib/asp-gerbil-scheme/src/parser/quality-shape-loop-driver.scm)
... compile src/policy/agent-support.ss
... compile src/protocol/function-quality-facts.ss
... compile src/protocol/quality-shape-facts.ss
... compile src/parser/query.ss
... execute compile job (compile-file /private/tmp/mrr-clean-graph-sdk/lib/asp-gerbil-scheme/src/macro-governance/model~1.scm)
... execute compile job (compile-file /private/tmp/mrr-clean-graph-sdk/lib/asp-gerbil-scheme/src/parser/function-quality-signals~0.scm)
... compile src/policy/agent-style-performance-signals.ss
... compile src/policy/dependency-adapter-profile.ss
... compile src/policy/agent-list-growth.ss
... compile src/policy/agent-string-growth.ss
... compile src/policy/agent-alist-access.ss
... compile src/policy/agent-anonymous-pair.ss
... compile src/policy/agent-list-random-access.ss
... compile src/policy/agent-build.ss
... execute compile job (compile-file /private/tmp/mrr-clean-graph-sdk/lib/asp-gerbil-scheme/src/parser/function-quality-signals.scm)
... compile src/policy/agent-macro-io.ss
... compile src/policy/agent-source-scope.ss
... compile src/policy/modularity.ss
... compile src/policy/agent-poo-object-literal.ss
... execute compile job (compile-file /private/tmp/mrr-clean-graph-sdk/lib/asp-gerbil-scheme/src/parser/selectors~0.scm)
... execute compile job (compile-file /private/tmp/mrr-clean-graph-sdk/lib/asp-gerbil-scheme/src/parser/selectors.scm)
... execute compile job (compile-file /private/tmp/mrr-clean-graph-sdk/lib/asp-gerbil-scheme/src/parser/comment-quality-classifier~0.scm)
... execute compile job (compile-file /private/tmp/mrr-clean-graph-sdk/lib/asp-gerbil-scheme/src/parser/comment-quality-classifier.scm)
... compile src/protocol/registry.ss
... compile src/language/capability.ss
... compile src/policy/agent-package-build-system.ss
... compile src/commands/guide.ss
... execute compile job (compile-file /private/tmp/mrr-clean-graph-sdk/lib/asp-gerbil-scheme/src/support/io~0.scm)
... compile src/policy/repair-calibration.ss
... compile src/snapshot/parser.ss
... compile src/package-manager/facade.ss
... compile src/policy/gerbil-utils-source.ss
... execute compile job (compile-file /private/tmp/mrr-clean-graph-sdk/lib/asp-gerbil-scheme/src/support/io.scm)
... compile src/policy/agent-style-gerbil-boundary-signals.ss
... compile src/policy/agent-style-gerbil-macro-signals.ss
... compile src/policy/agent-style-docs.ss
... execute compile job (compile-file /private/tmp/mrr-clean-graph-sdk/lib/asp-gerbil-scheme/src/types/source-findings~0.scm)
... execute compile job (compile-file /private/tmp/mrr-clean-graph-sdk/lib/asp-gerbil-scheme/src/types/source-findings.scm)
... execute compile job (compile-file /private/tmp/mrr-clean-graph-sdk/lib/asp-gerbil-scheme/src/extensions/poo-pattern-typeclass~0.scm)
... compile src/policy/agent-import.ss
... execute compile job (compile-file /private/tmp/mrr-clean-graph-sdk/lib/asp-gerbil-scheme/src/extensions/poo-pattern-typeclass.scm)
... execute compile job (compile-file /private/tmp/mrr-clean-graph-sdk/lib/asp-gerbil-scheme/src/format/core~0.scm)
... execute compile job (compile-file /private/tmp/mrr-clean-graph-sdk/lib/asp-gerbil-scheme/src/format/core.scm)
... compile src/policy/agent-comment.ss
... compile src/protocol/structural-facts.ss
... compile src/policy/agent-dependency-adapter.ss
... compile src/policy/agent-poo-loop-performance.ss
... execute compile job (compile-file /private/tmp/mrr-clean-graph-sdk/lib/asp-gerbil-scheme/src/testing/extension~0.scm)
... execute compile job (compile-file /private/tmp/mrr-clean-graph-sdk/lib/asp-gerbil-scheme/src/testing/extension.scm)
... compile src/language/facade.ss
... execute compile job (compile-file /private/tmp/mrr-clean-graph-sdk/lib/asp-gerbil-scheme/src/utilities/projection~0.scm)
... execute compile job (compile-file /private/tmp/mrr-clean-graph-sdk/lib/asp-gerbil-scheme/src/utilities/projection.scm)
... compile src/policy/agent-build-runtime.ss
... compile src/extensions/poo-inheritance.ss
... compile src/policy/agent-style-shape.ss
... execute compile job (compile-file /private/tmp/mrr-clean-graph-sdk/lib/asp-gerbil-scheme/src/benchmark/micro-kernel~0.scm)
... compile src/policy/agent-macro-protocol.ss
... execute compile job (compile-file /private/tmp/mrr-clean-graph-sdk/lib/asp-gerbil-scheme/src/benchmark/micro-kernel.scm)
... compile src/policy/agent-style-gerbil-signals.ss
... compile src/protocol/structural-index.ss
... compile src/policy/agent-poo.ss
... execute compile job (compile-file /private/tmp/mrr-clean-graph-sdk/lib/asp-gerbil-scheme/src/benchmark/fixture-model~0.scm)
... compile src/extensions/poo.ss
... compile src/macro-governance/admission.ss
... compile src/policy/agent-style-quality.ss
... execute compile job (compile-file /private/tmp/mrr-clean-graph-sdk/lib/asp-gerbil-scheme/src/benchmark/fixture-model.scm)
... compile src/policy/agent-style-details.ss
... execute compile job (compile-file /private/tmp/mrr-clean-graph-sdk/lib/asp-gerbil-scheme/src/parser/profile~0.scm)
... execute compile job (compile-file /private/tmp/mrr-clean-graph-sdk/lib/asp-gerbil-scheme/src/parser/profile.scm)
... compile src/commands/projection.ss
... compile src/policy/agent-basic.ss
... compile src/extensions/core.ss
... compile src/macro-governance/facade.ss
... execute compile job (compile-file /private/tmp/mrr-clean-graph-sdk/lib/asp-gerbil-scheme/src/snapshot/bench~0.scm)
... execute compile job (compile-file /private/tmp/mrr-clean-graph-sdk/lib/asp-gerbil-scheme/src/snapshot/bench.scm)
... execute compile job (compile-file /private/tmp/mrr-clean-graph-sdk/lib/asp-gerbil-scheme/src/parser/syntax-ast~0.scm)
... compile src/policy/agent-style.ss
... compile src/extensions/facade.ss
... compile src/policy/streaming.ss
... execute compile job (compile-file /private/tmp/mrr-clean-graph-sdk/lib/asp-gerbil-scheme/src/parser/syntax-ast.scm)
... execute compile job (compile-file /private/tmp/mrr-clean-graph-sdk/lib/asp-gerbil-scheme/src/parser/dependency-adapter-quality~0.scm)
... execute compile job (compile-file /private/tmp/mrr-clean-graph-sdk/lib/asp-gerbil-scheme/src/parser/dependency-adapter-quality.scm)
... compile src/policy/agent.ss
... compile src/snapshot/core.ss
... compile src/protocol/json.ss
... execute compile job (compile-file /private/tmp/mrr-clean-graph-sdk/lib/asp-gerbil-scheme/src/parser/poo~0.scm)
... compile src/policy/core.ss
... compile src/snapshot/graph.ss
... compile src/commands/info.ss
... compile src/commands/fmt.ss
... compile src/runtime/provider-semantic-evidence.ss
... execute compile job (compile-file /private/tmp/mrr-clean-graph-sdk/lib/asp-gerbil-scheme/src/parser/poo.scm)
... compile src/commands/agent.ss
... compile src/policy/gxtest-runtime.ss
... compile src/build-api/policy-runner.ss
... compile src/policy/facade.ss
... execute compile job (compile-file /private/tmp/mrr-clean-graph-sdk/lib/asp-gerbil-scheme/src/parser/dependency-adapter-quality~1.scm)
... compile src/snapshot/facade.ss
... execute compile job (compile-file /private/tmp/mrr-clean-graph-sdk/lib/asp-gerbil-scheme/src/parser/exports~0.scm)
... compile src/scenario/policy.ss
... compile src/policy/gxtest-report.ss
... execute compile job (compile-file /private/tmp/mrr-clean-graph-sdk/lib/asp-gerbil-scheme/src/parser/exports.scm)
... compile src/policy/gxtest.ss
... compile policy-api.ss
... execute compile job (compile-file /private/tmp/mrr-clean-graph-sdk/lib/asp-gerbil-scheme/src/parser/package~0.scm)
... execute compile job (compile-file /private/tmp/mrr-clean-graph-sdk/lib/asp-gerbil-scheme/src/parser/package.scm)
... execute compile job (compile-file /private/tmp/mrr-clean-graph-sdk/lib/asp-gerbil-scheme/src/parser/syntax-macro-family~0.scm)
... execute compile job (compile-file /private/tmp/mrr-clean-graph-sdk/lib/asp-gerbil-scheme/src/parser/syntax-macro-family.scm)
... execute compile job (compile-file /private/tmp/mrr-clean-graph-sdk/lib/asp-gerbil-scheme/src/parser/package~1.scm)
... execute compile job (compile-file /private/tmp/mrr-clean-graph-sdk/lib/asp-gerbil-scheme/src/parser/formals~0.scm)
... execute compile job (compile-file /private/tmp/mrr-clean-graph-sdk/lib/asp-gerbil-scheme/src/parser/formals.scm)
... execute compile job (compile-file /private/tmp/mrr-clean-graph-sdk/lib/asp-gerbil-scheme/src/parser/imports~0.scm)
... execute compile job (compile-file /private/tmp/mrr-clean-graph-sdk/lib/asp-gerbil-scheme/src/parser/imports.scm)
... execute compile job (compile-file /private/tmp/mrr-clean-graph-sdk/lib/asp-gerbil-scheme/src/policy/detection~0.scm)
... execute compile job (compile-file /private/tmp/mrr-clean-graph-sdk/lib/asp-gerbil-scheme/src/policy/detection.scm)
... execute compile job (compile-file /private/tmp/mrr-clean-graph-sdk/lib/asp-gerbil-scheme/src/policy/catalog~0.scm)
... execute compile job (compile-file /private/tmp/mrr-clean-graph-sdk/lib/asp-gerbil-scheme/src/policy/catalog.scm)
... execute compile job (compile-file /private/tmp/mrr-clean-graph-sdk/lib/asp-gerbil-scheme/src/build-api/generated-artifact~0.scm)
... execute compile job (compile-file /private/tmp/mrr-clean-graph-sdk/lib/asp-gerbil-scheme/src/build-api/generated-artifact.scm)
... execute compile job (compile-file /private/tmp/mrr-clean-graph-sdk/lib/asp-gerbil-scheme/src/build-api/package-spec~0.scm)
... execute compile job (compile-file /private/tmp/mrr-clean-graph-sdk/lib/asp-gerbil-scheme/src/build-api/package-spec.scm)
... execute compile job (compile-file /private/tmp/mrr-clean-graph-sdk/lib/asp-gerbil-scheme/src/parser/comment-quality~0.scm)
... execute compile job (compile-file /private/tmp/mrr-clean-graph-sdk/lib/asp-gerbil-scheme/src/parser/comment-quality.scm)
... execute compile job (compile-file /private/tmp/mrr-clean-graph-sdk/lib/asp-gerbil-scheme/src/extensions/poo-patterns~0.scm)
... execute compile job (compile-file /private/tmp/mrr-clean-graph-sdk/lib/asp-gerbil-scheme/src/extensions/poo-patterns.scm)
... execute compile job (compile-file /private/tmp/mrr-clean-graph-sdk/lib/asp-gerbil-scheme/src/build-api/package-spec~1.scm)
... execute compile job (compile-file /private/tmp/mrr-clean-graph-sdk/lib/asp-gerbil-scheme/src/format/files~0.scm)
... execute compile job (compile-file /private/tmp/mrr-clean-graph-sdk/lib/asp-gerbil-scheme/src/format/files.scm)
... execute compile job (compile-file /private/tmp/mrr-clean-graph-sdk/lib/asp-gerbil-scheme/testing-api.scm)
... execute compile job (compile-file /private/tmp/mrr-clean-graph-sdk/lib/asp-gerbil-scheme/src/testing/debug-trace~0.scm)
... execute compile job (compile-file /private/tmp/mrr-clean-graph-sdk/lib/asp-gerbil-scheme/src/testing/debug-trace.scm)
... execute compile job (compile-file /private/tmp/mrr-clean-graph-sdk/lib/asp-gerbil-scheme/src/testing/discovery-runner~0.scm)
... execute compile job (compile-file /private/tmp/mrr-clean-graph-sdk/lib/asp-gerbil-scheme/src/testing/discovery-runner.scm)
... execute compile job (compile-file /private/tmp/mrr-clean-graph-sdk/lib/asp-gerbil-scheme/src/testing/discovery-runner~1.scm)
... execute compile job (compile-file /private/tmp/mrr-clean-graph-sdk/lib/asp-gerbil-scheme/src/testing/source-admission~0.scm)
... execute compile job (compile-file /private/tmp/mrr-clean-graph-sdk/lib/asp-gerbil-scheme/src/testing/source-admission.scm)
... execute compile job (compile-file /private/tmp/mrr-clean-graph-sdk/lib/asp-gerbil-scheme/src/benchmark/fixture-contract~0.scm)
... execute compile job (compile-file /private/tmp/mrr-clean-graph-sdk/lib/asp-gerbil-scheme/src/benchmark/fixture-contract.scm)
... execute compile job (compile-file /private/tmp/mrr-clean-graph-sdk/lib/asp-gerbil-scheme/src/types/model~0.scm)
... execute compile job (compile-file /private/tmp/mrr-clean-graph-sdk/lib/asp-gerbil-scheme/src/types/model.scm)
... execute compile job (compile-file /private/tmp/mrr-clean-graph-sdk/lib/asp-gerbil-scheme/src/types/model~1.scm)
... execute compile job (compile-file /private/tmp/mrr-clean-graph-sdk/lib/asp-gerbil-scheme/src/scenario/benchmark-contract~0.scm)
... execute compile job (compile-file /private/tmp/mrr-clean-graph-sdk/lib/asp-gerbil-scheme/src/scenario/benchmark-contract.scm)
... execute compile job (compile-file /private/tmp/mrr-clean-graph-sdk/lib/asp-gerbil-scheme/src/commands/project-resolution~0.scm)
... execute compile job (compile-file /private/tmp/mrr-clean-graph-sdk/lib/asp-gerbil-scheme/src/commands/project-resolution.scm)
... execute compile job (compile-file /private/tmp/mrr-clean-graph-sdk/lib/asp-gerbil-scheme/src/commands/project-resolution~1.scm)
... execute compile job (compile-file /private/tmp/mrr-clean-graph-sdk/lib/asp-gerbil-scheme/src/parser/syntax-support~0.scm)
... execute compile job (compile-file /private/tmp/mrr-clean-graph-sdk/lib/asp-gerbil-scheme/src/parser/syntax-support.scm)
... execute compile job (compile-file /private/tmp/mrr-clean-graph-sdk/lib/asp-gerbil-scheme/src/parser/source-scope~0.scm)
... execute compile job (compile-file /private/tmp/mrr-clean-graph-sdk/lib/asp-gerbil-scheme/src/parser/source-scope.scm)
... execute compile job (compile-file /private/tmp/mrr-clean-graph-sdk/lib/asp-gerbil-scheme/src/policy/repair-diagnostic~0.scm)
... execute compile job (compile-file /private/tmp/mrr-clean-graph-sdk/lib/asp-gerbil-scheme/src/policy/repair-diagnostic.scm)
... execute compile job (compile-file /private/tmp/mrr-clean-graph-sdk/lib/asp-gerbil-scheme/src/policy/repair-diagnostic~1.scm)
... execute compile job (compile-file /private/tmp/mrr-clean-graph-sdk/lib/asp-gerbil-scheme/src/commands/guide-sections~0.scm)
... execute compile job (compile-file /private/tmp/mrr-clean-graph-sdk/lib/asp-gerbil-scheme/src/commands/guide-sections.scm)
... execute compile job (compile-file /private/tmp/mrr-clean-graph-sdk/lib/asp-gerbil-scheme/building-api.scm)
... execute compile job (compile-file /private/tmp/mrr-clean-graph-sdk/lib/asp-gerbil-scheme/src/build-api/source-bootstrap.scm)
... execute compile job (compile-file /private/tmp/mrr-clean-graph-sdk/lib/asp-gerbil-scheme/src/extensions/poo-validation~0.scm)
... execute compile job (compile-file /private/tmp/mrr-clean-graph-sdk/lib/asp-gerbil-scheme/src/extensions/poo-validation.scm)
... execute compile job (compile-file /private/tmp/mrr-clean-graph-sdk/lib/asp-gerbil-scheme/src/policy/poo-source~0.scm)
... execute compile job (compile-file /private/tmp/mrr-clean-graph-sdk/lib/asp-gerbil-scheme/src/policy/poo-source.scm)
... execute compile job (compile-file /private/tmp/mrr-clean-graph-sdk/lib/asp-gerbil-scheme/src/format/facade.scm)
... execute compile job (compile-file /private/tmp/mrr-clean-graph-sdk/lib/asp-gerbil-scheme/testing-debug-api.scm)
... execute compile job (compile-file /private/tmp/mrr-clean-graph-sdk/lib/asp-gerbil-scheme/testing-runner-api.scm)
... execute compile job (compile-file /private/tmp/mrr-clean-graph-sdk/lib/asp-gerbil-scheme/testing-source-admission-api.scm)
... execute compile job (compile-file /private/tmp/mrr-clean-graph-sdk/lib/asp-gerbil-scheme/src/benchmark/gate~0.scm)
... execute compile job (compile-file /private/tmp/mrr-clean-graph-sdk/lib/asp-gerbil-scheme/src/benchmark/gate.scm)
... execute compile job (compile-file /private/tmp/mrr-clean-graph-sdk/lib/asp-gerbil-scheme/src/types/subtyping~0.scm)
... execute compile job (compile-file /private/tmp/mrr-clean-graph-sdk/lib/asp-gerbil-scheme/src/types/subtyping.scm)
... execute compile job (compile-file /private/tmp/mrr-clean-graph-sdk/lib/asp-gerbil-scheme/src/types/subtyping~1.scm)
... execute compile job (compile-file /private/tmp/mrr-clean-graph-sdk/lib/asp-gerbil-scheme/src/types/signatures~0.scm)
... execute compile job (compile-file /private/tmp/mrr-clean-graph-sdk/lib/asp-gerbil-scheme/src/types/signatures.scm)
... execute compile job (compile-file /private/tmp/mrr-clean-graph-sdk/lib/asp-gerbil-scheme/src/types/validation-union~0.scm)
... execute compile job (compile-file /private/tmp/mrr-clean-graph-sdk/lib/asp-gerbil-scheme/src/types/validation-union.scm)
... execute compile job (compile-file /private/tmp/mrr-clean-graph-sdk/lib/asp-gerbil-scheme/src/parser/definition-syntax~0.scm)
... execute compile job (compile-file /private/tmp/mrr-clean-graph-sdk/lib/asp-gerbil-scheme/src/parser/definition-syntax.scm)
... execute compile job (compile-file /private/tmp/mrr-clean-graph-sdk/lib/asp-gerbil-scheme/src/parser/syntax-calls~0.scm)
... execute compile job (compile-file /private/tmp/mrr-clean-graph-sdk/lib/asp-gerbil-scheme/src/parser/syntax-calls.scm)
... execute compile job (compile-file /private/tmp/mrr-clean-graph-sdk/lib/asp-gerbil-scheme/src/policy/repair-report~0.scm)
... execute compile job (compile-file /private/tmp/mrr-clean-graph-sdk/lib/asp-gerbil-scheme/src/policy/repair-report.scm)
... execute compile job (compile-file /private/tmp/mrr-clean-graph-sdk/lib/asp-gerbil-scheme/src/benchmark/framework~0.scm)
... execute compile job (compile-file /private/tmp/mrr-clean-graph-sdk/lib/asp-gerbil-scheme/src/benchmark/framework.scm)
... execute compile job (compile-file /private/tmp/mrr-clean-graph-sdk/lib/asp-gerbil-scheme/src/testing/performance~0.scm)
... execute compile job (compile-file /private/tmp/mrr-clean-graph-sdk/lib/asp-gerbil-scheme/src/testing/performance.scm)
... execute compile job (compile-file /private/tmp/mrr-clean-graph-sdk/lib/asp-gerbil-scheme/src/types/env~0.scm)
... execute compile job (compile-file /private/tmp/mrr-clean-graph-sdk/lib/asp-gerbil-scheme/src/types/env.scm)
... execute compile job (compile-file /private/tmp/mrr-clean-graph-sdk/lib/asp-gerbil-scheme/src/types/env~1.scm)
... execute compile job (compile-file /private/tmp/mrr-clean-graph-sdk/lib/asp-gerbil-scheme/src/types/validation~0.scm)
... execute compile job (compile-file /private/tmp/mrr-clean-graph-sdk/lib/asp-gerbil-scheme/src/types/validation.scm)
... execute compile job (compile-file /private/tmp/mrr-clean-graph-sdk/lib/asp-gerbil-scheme/src/parser/exact-owner~0.scm)
... execute compile job (compile-file /private/tmp/mrr-clean-graph-sdk/lib/asp-gerbil-scheme/src/parser/exact-owner.scm)
... execute compile job (compile-file /private/tmp/mrr-clean-graph-sdk/lib/asp-gerbil-scheme/src/types/validation~1.scm)
... execute compile job (compile-file /private/tmp/mrr-clean-graph-sdk/lib/asp-gerbil-scheme/src/parser/syntax~0.scm)
... execute compile job (compile-file /private/tmp/mrr-clean-graph-sdk/lib/asp-gerbil-scheme/src/parser/syntax.scm)
... execute compile job (compile-file /private/tmp/mrr-clean-graph-sdk/lib/asp-gerbil-scheme/src/policy/repair.scm)
... execute compile job (compile-file /private/tmp/mrr-clean-graph-sdk/lib/asp-gerbil-scheme/benchmark-api.scm)
... execute compile job (compile-file /private/tmp/mrr-clean-graph-sdk/lib/asp-gerbil-scheme/src/types/core~0.scm)
... execute compile job (compile-file /private/tmp/mrr-clean-graph-sdk/lib/asp-gerbil-scheme/src/types/core.scm)
... execute compile job (compile-file /private/tmp/mrr-clean-graph-sdk/lib/asp-gerbil-scheme/src/commands/projection-batch~0.scm)
... execute compile job (compile-file /private/tmp/mrr-clean-graph-sdk/lib/asp-gerbil-scheme/src/commands/projection-batch.scm)
... execute compile job (compile-file /private/tmp/mrr-clean-graph-sdk/lib/asp-gerbil-scheme/src/parser/typed-contract-scheme~0.scm)
... execute compile job (compile-file /private/tmp/mrr-clean-graph-sdk/lib/asp-gerbil-scheme/src/parser/typed-contract-scheme.scm)
... execute compile job (compile-file /private/tmp/mrr-clean-graph-sdk/lib/asp-gerbil-scheme/src/extensions/poo-object-validation~0.scm)
... execute compile job (compile-file /private/tmp/mrr-clean-graph-sdk/lib/asp-gerbil-scheme/src/extensions/poo-object-validation.scm)
... execute compile job (compile-file /private/tmp/mrr-clean-graph-sdk/lib/asp-gerbil-scheme/src/parser/higher-order~0.scm)
... execute compile job (compile-file /private/tmp/mrr-clean-graph-sdk/lib/asp-gerbil-scheme/src/parser/higher-order.scm)
... execute compile job (compile-file /private/tmp/mrr-clean-graph-sdk/lib/asp-gerbil-scheme/src/parser/owner-items~0.scm)
... execute compile job (compile-file /private/tmp/mrr-clean-graph-sdk/lib/asp-gerbil-scheme/src/parser/owner-items.scm)
... execute compile job (compile-file /private/tmp/mrr-clean-graph-sdk/lib/asp-gerbil-scheme/src/parser/control-flow~0.scm)
... execute compile job (compile-file /private/tmp/mrr-clean-graph-sdk/lib/asp-gerbil-scheme/src/parser/control-flow.scm)
... execute compile job (compile-file /private/tmp/mrr-clean-graph-sdk/lib/asp-gerbil-scheme/src/parser/quality-shape~0.scm)
... execute compile job (compile-file /private/tmp/mrr-clean-graph-sdk/lib/asp-gerbil-scheme/src/parser/quality-shape.scm)
... execute compile job (compile-file /private/tmp/mrr-clean-graph-sdk/lib/asp-gerbil-scheme/src/types/facade.scm)
... execute compile job (compile-file /private/tmp/mrr-clean-graph-sdk/lib/asp-gerbil-scheme/src/parser/runtime-contract~0.scm)
... execute compile job (compile-file /private/tmp/mrr-clean-graph-sdk/lib/asp-gerbil-scheme/src/parser/runtime-contract.scm)
... execute compile job (compile-file /private/tmp/mrr-clean-graph-sdk/lib/asp-gerbil-scheme/src/parser/function-quality~0.scm)
... execute compile job (compile-file /private/tmp/mrr-clean-graph-sdk/lib/asp-gerbil-scheme/src/parser/function-quality.scm)
... execute compile job (compile-file /private/tmp/mrr-clean-graph-sdk/lib/asp-gerbil-scheme/src/exact-source-projection~0.scm)
... execute compile job (compile-file /private/tmp/mrr-clean-graph-sdk/lib/asp-gerbil-scheme/src/exact-source-projection.scm)
... execute compile job (compile-file /private/tmp/mrr-clean-graph-sdk/lib/asp-gerbil-scheme/src/parser/typed-comment-metadata~0.scm)
... execute compile job (compile-file /private/tmp/mrr-clean-graph-sdk/lib/asp-gerbil-scheme/src/parser/typed-comment-metadata.scm)
... execute compile job (compile-file /private/tmp/mrr-clean-graph-sdk/lib/asp-gerbil-scheme/src/parser/typed-contract-diagnostics~0.scm)
... execute compile job (compile-file /private/tmp/mrr-clean-graph-sdk/lib/asp-gerbil-scheme/src/parser/typed-contract-diagnostics.scm)
... execute compile job (compile-file /private/tmp/mrr-clean-graph-sdk/lib/asp-gerbil-scheme/src/parser/typed-contract-comment-index~0.scm)
... execute compile job (compile-file /private/tmp/mrr-clean-graph-sdk/lib/asp-gerbil-scheme/src/parser/typed-contract-comment-index.scm)
... execute compile job (compile-file /private/tmp/mrr-clean-graph-sdk/lib/asp-gerbil-scheme/src/parser/typed-contract~0.scm)
... execute compile job (compile-file /private/tmp/mrr-clean-graph-sdk/lib/asp-gerbil-scheme/src/parser/typed-contract.scm)
... execute compile job (compile-file /private/tmp/mrr-clean-graph-sdk/lib/asp-gerbil-scheme/src/parser/source-file~0.scm)
... execute compile job (compile-file /private/tmp/mrr-clean-graph-sdk/lib/asp-gerbil-scheme/src/parser/source-file.scm)
... execute compile job (compile-file /private/tmp/mrr-clean-graph-sdk/lib/asp-gerbil-scheme/src/parser/parse-workers~0.scm)
... execute compile job (compile-file /private/tmp/mrr-clean-graph-sdk/lib/asp-gerbil-scheme/src/parser/parse-workers.scm)
... execute compile job (compile-file /private/tmp/mrr-clean-graph-sdk/lib/asp-gerbil-scheme/src/parser/test-source-scope~0.scm)
... execute compile job (compile-file /private/tmp/mrr-clean-graph-sdk/lib/asp-gerbil-scheme/src/parser/test-source-scope.scm)
... execute compile job (compile-file /private/tmp/mrr-clean-graph-sdk/lib/asp-gerbil-scheme/src/parser/core~0.scm)
... execute compile job (compile-file /private/tmp/mrr-clean-graph-sdk/lib/asp-gerbil-scheme/src/parser/core.scm)
... execute compile job (compile-file /private/tmp/mrr-clean-graph-sdk/lib/asp-gerbil-scheme/src/parser/facade.scm)
... execute compile job (compile-file /private/tmp/mrr-clean-graph-sdk/lib/asp-gerbil-scheme/src/snapshot/support~0.scm)
... execute compile job (compile-file /private/tmp/mrr-clean-graph-sdk/lib/asp-gerbil-scheme/src/snapshot/support.scm)
... execute compile job (compile-file /private/tmp/mrr-clean-graph-sdk/lib/asp-gerbil-scheme/src/package-manager/core~0.scm)
... execute compile job (compile-file /private/tmp/mrr-clean-graph-sdk/lib/asp-gerbil-scheme/src/package-manager/core.scm)
... execute compile job (compile-file /private/tmp/mrr-clean-graph-sdk/lib/asp-gerbil-scheme/src/parser/language-projection~0.scm)
... execute compile job (compile-file /private/tmp/mrr-clean-graph-sdk/lib/asp-gerbil-scheme/src/parser/language-projection.scm)
... execute compile job (compile-file /private/tmp/mrr-clean-graph-sdk/lib/asp-gerbil-scheme/src/policy/agent-style-destructuring-signals~0.scm)
... execute compile job (compile-file /private/tmp/mrr-clean-graph-sdk/lib/asp-gerbil-scheme/src/policy/agent-style-destructuring-signals.scm)
... execute compile job (compile-file /private/tmp/mrr-clean-graph-sdk/lib/asp-gerbil-scheme/src/policy/agent-style-gerbil-signal-support~0.scm)
... execute compile job (compile-file /private/tmp/mrr-clean-graph-sdk/lib/asp-gerbil-scheme/src/policy/agent-style-gerbil-signal-support.scm)
... execute compile job (compile-file /private/tmp/mrr-clean-graph-sdk/lib/asp-gerbil-scheme/src/policy/agent-poo-loop-support~0.scm)
... execute compile job (compile-file /private/tmp/mrr-clean-graph-sdk/lib/asp-gerbil-scheme/src/policy/agent-poo-loop-support.scm)
... execute compile job (compile-file /private/tmp/mrr-clean-graph-sdk/lib/asp-gerbil-scheme/src/policy/agent-style-message~0.scm)
... execute compile job (compile-file /private/tmp/mrr-clean-graph-sdk/lib/asp-gerbil-scheme/src/policy/agent-style-message.scm)
... execute compile job (compile-file /private/tmp/mrr-clean-graph-sdk/lib/asp-gerbil-scheme/src/policy/agent-basic-loop-support~0.scm)
... execute compile job (compile-file /private/tmp/mrr-clean-graph-sdk/lib/asp-gerbil-scheme/src/policy/agent-basic-loop-support.scm)
... execute compile job (compile-file /private/tmp/mrr-clean-graph-sdk/lib/asp-gerbil-scheme/src/policy/agent-support~0.scm)
... execute compile job (compile-file /private/tmp/mrr-clean-graph-sdk/lib/asp-gerbil-scheme/src/policy/agent-support.scm)
... execute compile job (compile-file /private/tmp/mrr-clean-graph-sdk/lib/asp-gerbil-scheme/src/protocol/function-quality-facts~0.scm)
... execute compile job (compile-file /private/tmp/mrr-clean-graph-sdk/lib/asp-gerbil-scheme/src/protocol/function-quality-facts.scm)
... execute compile job (compile-file /private/tmp/mrr-clean-graph-sdk/lib/asp-gerbil-scheme/src/protocol/quality-shape-facts~0.scm)
... execute compile job (compile-file /private/tmp/mrr-clean-graph-sdk/lib/asp-gerbil-scheme/src/protocol/quality-shape-facts.scm)
... execute compile job (compile-file /private/tmp/mrr-clean-graph-sdk/lib/asp-gerbil-scheme/src/parser/query~0.scm)
... execute compile job (compile-file /private/tmp/mrr-clean-graph-sdk/lib/asp-gerbil-scheme/src/parser/query.scm)
... execute compile job (compile-file /private/tmp/mrr-clean-graph-sdk/lib/asp-gerbil-scheme/src/policy/agent-style-performance-signals~0.scm)
... execute compile job (compile-file /private/tmp/mrr-clean-graph-sdk/lib/asp-gerbil-scheme/src/policy/agent-style-performance-signals.scm)
... execute compile job (compile-file /private/tmp/mrr-clean-graph-sdk/lib/asp-gerbil-scheme/src/policy/dependency-adapter-profile~0.scm)
... execute compile job (compile-file /private/tmp/mrr-clean-graph-sdk/lib/asp-gerbil-scheme/src/policy/dependency-adapter-profile.scm)
... execute compile job (compile-file /private/tmp/mrr-clean-graph-sdk/lib/asp-gerbil-scheme/src/policy/agent-list-growth~0.scm)
... execute compile job (compile-file /private/tmp/mrr-clean-graph-sdk/lib/asp-gerbil-scheme/src/policy/agent-list-growth.scm)
... execute compile job (compile-file /private/tmp/mrr-clean-graph-sdk/lib/asp-gerbil-scheme/src/policy/agent-string-growth~0.scm)
... execute compile job (compile-file /private/tmp/mrr-clean-graph-sdk/lib/asp-gerbil-scheme/src/policy/agent-string-growth.scm)
... execute compile job (compile-file /private/tmp/mrr-clean-graph-sdk/lib/asp-gerbil-scheme/src/policy/agent-alist-access~0.scm)
... execute compile job (compile-file /private/tmp/mrr-clean-graph-sdk/lib/asp-gerbil-scheme/src/policy/agent-alist-access.scm)
... execute compile job (compile-file /private/tmp/mrr-clean-graph-sdk/lib/asp-gerbil-scheme/src/policy/agent-anonymous-pair~0.scm)
... execute compile job (compile-file /private/tmp/mrr-clean-graph-sdk/lib/asp-gerbil-scheme/src/policy/agent-anonymous-pair.scm)
... execute compile job (compile-file /private/tmp/mrr-clean-graph-sdk/lib/asp-gerbil-scheme/src/policy/agent-list-random-access~0.scm)
... execute compile job (compile-file /private/tmp/mrr-clean-graph-sdk/lib/asp-gerbil-scheme/src/policy/agent-list-random-access.scm)
... execute compile job (compile-file /private/tmp/mrr-clean-graph-sdk/lib/asp-gerbil-scheme/src/policy/agent-build~0.scm)
... execute compile job (compile-file /private/tmp/mrr-clean-graph-sdk/lib/asp-gerbil-scheme/src/policy/agent-build.scm)
... execute compile job (compile-file /private/tmp/mrr-clean-graph-sdk/lib/asp-gerbil-scheme/src/policy/agent-macro-io~0.scm)
... execute compile job (compile-file /private/tmp/mrr-clean-graph-sdk/lib/asp-gerbil-scheme/src/policy/agent-macro-io.scm)
... execute compile job (compile-file /private/tmp/mrr-clean-graph-sdk/lib/asp-gerbil-scheme/src/policy/agent-source-scope~0.scm)
... execute compile job (compile-file /private/tmp/mrr-clean-graph-sdk/lib/asp-gerbil-scheme/src/policy/agent-source-scope.scm)
... execute compile job (compile-file /private/tmp/mrr-clean-graph-sdk/lib/asp-gerbil-scheme/src/policy/modularity~0.scm)
... execute compile job (compile-file /private/tmp/mrr-clean-graph-sdk/lib/asp-gerbil-scheme/src/policy/modularity.scm)
... execute compile job (compile-file /private/tmp/mrr-clean-graph-sdk/lib/asp-gerbil-scheme/src/policy/agent-poo-object-literal~0.scm)
... execute compile job (compile-file /private/tmp/mrr-clean-graph-sdk/lib/asp-gerbil-scheme/src/policy/agent-poo-object-literal.scm)
... execute compile job (compile-file /private/tmp/mrr-clean-graph-sdk/lib/asp-gerbil-scheme/src/protocol/registry~0.scm)
... execute compile job (compile-file /private/tmp/mrr-clean-graph-sdk/lib/asp-gerbil-scheme/src/protocol/registry.scm)
... execute compile job (compile-file /private/tmp/mrr-clean-graph-sdk/lib/asp-gerbil-scheme/src/language/capability~0.scm)
... execute compile job (compile-file /private/tmp/mrr-clean-graph-sdk/lib/asp-gerbil-scheme/src/language/capability.scm)
... execute compile job (compile-file /private/tmp/mrr-clean-graph-sdk/lib/asp-gerbil-scheme/src/policy/agent-package-build-system~0.scm)
... execute compile job (compile-file /private/tmp/mrr-clean-graph-sdk/lib/asp-gerbil-scheme/src/policy/agent-package-build-system.scm)
... execute compile job (compile-file /private/tmp/mrr-clean-graph-sdk/lib/asp-gerbil-scheme/src/commands/guide~0.scm)
... execute compile job (compile-file /private/tmp/mrr-clean-graph-sdk/lib/asp-gerbil-scheme/src/commands/guide.scm)
... execute compile job (compile-file /private/tmp/mrr-clean-graph-sdk/lib/asp-gerbil-scheme/src/commands/guide~1.scm)
... execute compile job (compile-file /private/tmp/mrr-clean-graph-sdk/lib/asp-gerbil-scheme/src/policy/repair-calibration~0.scm)
... execute compile job (compile-file /private/tmp/mrr-clean-graph-sdk/lib/asp-gerbil-scheme/src/policy/repair-calibration.scm)
... execute compile job (compile-file /private/tmp/mrr-clean-graph-sdk/lib/asp-gerbil-scheme/src/snapshot/parser~0.scm)
... execute compile job (compile-file /private/tmp/mrr-clean-graph-sdk/lib/asp-gerbil-scheme/src/snapshot/parser.scm)
... execute compile job (compile-file /private/tmp/mrr-clean-graph-sdk/lib/asp-gerbil-scheme/src/package-manager/facade.scm)
... execute compile job (compile-file /private/tmp/mrr-clean-graph-sdk/lib/asp-gerbil-scheme/src/policy/gerbil-utils-source~0.scm)
... execute compile job (compile-file /private/tmp/mrr-clean-graph-sdk/lib/asp-gerbil-scheme/src/policy/gerbil-utils-source.scm)
... execute compile job (compile-file /private/tmp/mrr-clean-graph-sdk/lib/asp-gerbil-scheme/src/policy/agent-style-gerbil-boundary-signals~0.scm)
... execute compile job (compile-file /private/tmp/mrr-clean-graph-sdk/lib/asp-gerbil-scheme/src/policy/agent-style-gerbil-boundary-signals.scm)
... execute compile job (compile-file /private/tmp/mrr-clean-graph-sdk/lib/asp-gerbil-scheme/src/policy/agent-style-gerbil-macro-signals~0.scm)
... execute compile job (compile-file /private/tmp/mrr-clean-graph-sdk/lib/asp-gerbil-scheme/src/policy/agent-style-gerbil-macro-signals.scm)
... execute compile job (compile-file /private/tmp/mrr-clean-graph-sdk/lib/asp-gerbil-scheme/src/policy/agent-style-docs~0.scm)
... execute compile job (compile-file /private/tmp/mrr-clean-graph-sdk/lib/asp-gerbil-scheme/src/policy/agent-style-docs.scm)
... execute compile job (compile-file /private/tmp/mrr-clean-graph-sdk/lib/asp-gerbil-scheme/src/policy/agent-import~0.scm)
... execute compile job (compile-file /private/tmp/mrr-clean-graph-sdk/lib/asp-gerbil-scheme/src/policy/agent-import.scm)
... execute compile job (compile-file /private/tmp/mrr-clean-graph-sdk/lib/asp-gerbil-scheme/src/policy/agent-comment~0.scm)
... execute compile job (compile-file /private/tmp/mrr-clean-graph-sdk/lib/asp-gerbil-scheme/src/policy/agent-comment.scm)
... execute compile job (compile-file /private/tmp/mrr-clean-graph-sdk/lib/asp-gerbil-scheme/src/protocol/structural-facts~0.scm)
... execute compile job (compile-file /private/tmp/mrr-clean-graph-sdk/lib/asp-gerbil-scheme/src/protocol/structural-facts.scm)
... execute compile job (compile-file /private/tmp/mrr-clean-graph-sdk/lib/asp-gerbil-scheme/src/policy/agent-dependency-adapter~0.scm)
... execute compile job (compile-file /private/tmp/mrr-clean-graph-sdk/lib/asp-gerbil-scheme/src/policy/agent-dependency-adapter.scm)
... execute compile job (compile-file /private/tmp/mrr-clean-graph-sdk/lib/asp-gerbil-scheme/src/policy/agent-poo-loop-performance~0.scm)
... execute compile job (compile-file /private/tmp/mrr-clean-graph-sdk/lib/asp-gerbil-scheme/src/policy/agent-poo-loop-performance.scm)
... execute compile job (compile-file /private/tmp/mrr-clean-graph-sdk/lib/asp-gerbil-scheme/src/language/facade.scm)
... execute compile job (compile-file /private/tmp/mrr-clean-graph-sdk/lib/asp-gerbil-scheme/src/policy/agent-build-runtime~0.scm)
... execute compile job (compile-file /private/tmp/mrr-clean-graph-sdk/lib/asp-gerbil-scheme/src/policy/agent-build-runtime.scm)
... execute compile job (compile-file /private/tmp/mrr-clean-graph-sdk/lib/asp-gerbil-scheme/src/extensions/poo-inheritance~0.scm)
... execute compile job (compile-file /private/tmp/mrr-clean-graph-sdk/lib/asp-gerbil-scheme/src/extensions/poo-inheritance.scm)
... execute compile job (compile-file /private/tmp/mrr-clean-graph-sdk/lib/asp-gerbil-scheme/src/policy/agent-style-shape~0.scm)
... execute compile job (compile-file /private/tmp/mrr-clean-graph-sdk/lib/asp-gerbil-scheme/src/policy/agent-style-shape.scm)
... execute compile job (compile-file /private/tmp/mrr-clean-graph-sdk/lib/asp-gerbil-scheme/src/policy/agent-macro-protocol~0.scm)
... execute compile job (compile-file /private/tmp/mrr-clean-graph-sdk/lib/asp-gerbil-scheme/src/policy/agent-macro-protocol.scm)
... execute compile job (compile-file /private/tmp/mrr-clean-graph-sdk/lib/asp-gerbil-scheme/src/policy/agent-style-gerbil-signals~0.scm)
... execute compile job (compile-file /private/tmp/mrr-clean-graph-sdk/lib/asp-gerbil-scheme/src/policy/agent-style-gerbil-signals.scm)
... execute compile job (compile-file /private/tmp/mrr-clean-graph-sdk/lib/asp-gerbil-scheme/src/protocol/structural-index~0.scm)
... execute compile job (compile-file /private/tmp/mrr-clean-graph-sdk/lib/asp-gerbil-scheme/src/protocol/structural-index.scm)
... execute compile job (compile-file /private/tmp/mrr-clean-graph-sdk/lib/asp-gerbil-scheme/src/policy/agent-poo~0.scm)
... execute compile job (compile-file /private/tmp/mrr-clean-graph-sdk/lib/asp-gerbil-scheme/src/policy/agent-poo.scm)
... execute compile job (compile-file /private/tmp/mrr-clean-graph-sdk/lib/asp-gerbil-scheme/src/extensions/poo~0.scm)
... execute compile job (compile-file /private/tmp/mrr-clean-graph-sdk/lib/asp-gerbil-scheme/src/extensions/poo.scm)
... execute compile job (compile-file /private/tmp/mrr-clean-graph-sdk/lib/asp-gerbil-scheme/src/policy/agent-style-quality~0.scm)
... execute compile job (compile-file /private/tmp/mrr-clean-graph-sdk/lib/asp-gerbil-scheme/src/policy/agent-style-quality.scm)
... execute compile job (compile-file /private/tmp/mrr-clean-graph-sdk/lib/asp-gerbil-scheme/src/macro-governance/admission~0.scm)
... execute compile job (compile-file /private/tmp/mrr-clean-graph-sdk/lib/asp-gerbil-scheme/src/macro-governance/admission.scm)
... execute compile job (compile-file /private/tmp/mrr-clean-graph-sdk/lib/asp-gerbil-scheme/src/policy/agent-style-details~0.scm)
... execute compile job (compile-file /private/tmp/mrr-clean-graph-sdk/lib/asp-gerbil-scheme/src/policy/agent-style-details.scm)
... execute compile job (compile-file /private/tmp/mrr-clean-graph-sdk/lib/asp-gerbil-scheme/src/commands/projection~0.scm)
... execute compile job (compile-file /private/tmp/mrr-clean-graph-sdk/lib/asp-gerbil-scheme/src/commands/projection.scm)
... execute compile job (compile-file /private/tmp/mrr-clean-graph-sdk/lib/asp-gerbil-scheme/src/policy/agent-basic~0.scm)
... execute compile job (compile-file /private/tmp/mrr-clean-graph-sdk/lib/asp-gerbil-scheme/src/policy/agent-basic.scm)
... execute compile job (compile-file /private/tmp/mrr-clean-graph-sdk/lib/asp-gerbil-scheme/src/extensions/core~0.scm)
... execute compile job (compile-file /private/tmp/mrr-clean-graph-sdk/lib/asp-gerbil-scheme/src/extensions/core.scm)
... execute compile job (compile-file /private/tmp/mrr-clean-graph-sdk/lib/asp-gerbil-scheme/src/macro-governance/facade.scm)
... execute compile job (compile-file /private/tmp/mrr-clean-graph-sdk/lib/asp-gerbil-scheme/src/policy/agent-style~0.scm)
... execute compile job (compile-file /private/tmp/mrr-clean-graph-sdk/lib/asp-gerbil-scheme/src/policy/agent-style.scm)
... execute compile job (compile-file /private/tmp/mrr-clean-graph-sdk/lib/asp-gerbil-scheme/src/extensions/facade.scm)
... execute compile job (compile-file /private/tmp/mrr-clean-graph-sdk/lib/asp-gerbil-scheme/src/policy/streaming~0.scm)
... execute compile job (compile-file /private/tmp/mrr-clean-graph-sdk/lib/asp-gerbil-scheme/src/policy/streaming.scm)
... execute compile job (compile-file /private/tmp/mrr-clean-graph-sdk/lib/asp-gerbil-scheme/src/policy/agent~0.scm)
... execute compile job (compile-file /private/tmp/mrr-clean-graph-sdk/lib/asp-gerbil-scheme/src/policy/agent.scm)
... execute compile job (compile-file /private/tmp/mrr-clean-graph-sdk/lib/asp-gerbil-scheme/src/snapshot/core~0.scm)
... execute compile job (compile-file /private/tmp/mrr-clean-graph-sdk/lib/asp-gerbil-scheme/src/snapshot/core.scm)
... execute compile job (compile-file /private/tmp/mrr-clean-graph-sdk/lib/asp-gerbil-scheme/src/protocol/json~0.scm)
... execute compile job (compile-file /private/tmp/mrr-clean-graph-sdk/lib/asp-gerbil-scheme/src/protocol/json.scm)
... execute compile job (compile-file /private/tmp/mrr-clean-graph-sdk/lib/asp-gerbil-scheme/src/policy/core~0.scm)
... execute compile job (compile-file /private/tmp/mrr-clean-graph-sdk/lib/asp-gerbil-scheme/src/policy/core.scm)
... execute compile job (compile-file /private/tmp/mrr-clean-graph-sdk/lib/asp-gerbil-scheme/src/snapshot/graph~0.scm)
... execute compile job (compile-file /private/tmp/mrr-clean-graph-sdk/lib/asp-gerbil-scheme/src/snapshot/graph.scm)
... execute compile job (compile-file /private/tmp/mrr-clean-graph-sdk/lib/asp-gerbil-scheme/src/commands/info~0.scm)
... execute compile job (compile-file /private/tmp/mrr-clean-graph-sdk/lib/asp-gerbil-scheme/src/commands/info.scm)
... execute compile job (compile-file /private/tmp/mrr-clean-graph-sdk/lib/asp-gerbil-scheme/src/commands/fmt~0.scm)
... execute compile job (compile-file /private/tmp/mrr-clean-graph-sdk/lib/asp-gerbil-scheme/src/commands/fmt.scm)
... execute compile job (compile-file /private/tmp/mrr-clean-graph-sdk/lib/asp-gerbil-scheme/src/runtime/provider-semantic-evidence~0.scm)
... execute compile job (compile-file /private/tmp/mrr-clean-graph-sdk/lib/asp-gerbil-scheme/src/runtime/provider-semantic-evidence.scm)
... execute compile job (compile-file /private/tmp/mrr-clean-graph-sdk/lib/asp-gerbil-scheme/src/commands/agent~0.scm)
... execute compile job (compile-file /private/tmp/mrr-clean-graph-sdk/lib/asp-gerbil-scheme/src/commands/agent.scm)
... execute compile job (compile-file /private/tmp/mrr-clean-graph-sdk/lib/asp-gerbil-scheme/src/policy/gxtest-runtime~0.scm)
... execute compile job (compile-file /private/tmp/mrr-clean-graph-sdk/lib/asp-gerbil-scheme/src/policy/gxtest-runtime.scm)
... execute compile job (compile-file /private/tmp/mrr-clean-graph-sdk/lib/asp-gerbil-scheme/src/build-api/policy-runner~0.scm)
... execute compile job (compile-file /private/tmp/mrr-clean-graph-sdk/lib/asp-gerbil-scheme/src/build-api/policy-runner.scm)
... execute compile job (compile-file /private/tmp/mrr-clean-graph-sdk/lib/asp-gerbil-scheme/src/policy/facade.scm)
... execute compile job (compile-file /private/tmp/mrr-clean-graph-sdk/lib/asp-gerbil-scheme/src/snapshot/facade.scm)
... execute compile job (compile-file /private/tmp/mrr-clean-graph-sdk/lib/asp-gerbil-scheme/src/policy/gxtest-report~0.scm)
... execute compile job (compile-file /private/tmp/mrr-clean-graph-sdk/lib/asp-gerbil-scheme/src/policy/gxtest-report.scm)
... execute compile job (compile-file /private/tmp/mrr-clean-graph-sdk/lib/asp-gerbil-scheme/src/scenario/policy~0.scm)
... execute compile job (compile-file /private/tmp/mrr-clean-graph-sdk/lib/asp-gerbil-scheme/src/scenario/policy.scm)
... execute compile job (compile-file /private/tmp/mrr-clean-graph-sdk/lib/asp-gerbil-scheme/src/policy/gxtest~0.scm)
... execute compile job (compile-file /private/tmp/mrr-clean-graph-sdk/lib/asp-gerbil-scheme/src/policy/gxtest.scm)
... execute compile job (compile-file /private/tmp/mrr-clean-graph-sdk/lib/asp-gerbil-scheme/src/policy/gxtest~1.scm)
... execute compile job (compile-file /private/tmp/mrr-clean-graph-sdk/lib/asp-gerbil-scheme/policy-api.scm)
... compile types
... compile object-family/funcs
... compile object-family/syntax
... compile extension-graph/support/data
... execute compile job (compile-file /private/tmp/mrr-clean-graph-sdk/lib/core/types~0.scm)
... execute compile job (compile-file /private/tmp/mrr-clean-graph-sdk/lib/core/types.scm)
... compile contribution/objects
... execute compile job (compile-file /private/tmp/mrr-clean-graph-sdk/lib/core/object-family/funcs~0.scm)
... execute compile job (compile-file /private/tmp/mrr-clean-graph-sdk/lib/core/object-family/funcs.scm)
... execute compile job (compile-file /private/tmp/mrr-clean-graph-sdk/lib/core/object-family/syntax.scm)
... execute compile job (compile-file /private/tmp/mrr-clean-graph-sdk/lib/core/extension-graph/support/data~0.scm)
... compile contribution/verification
... compile module-system/schema/support/slot-policy
... compile module-system/graph/funs
... compile module-system/funs
... compile module-system/loader/load-path
... compile profile-composition/bindings
... compile observability/slot-presentation
... compile observability/output
... execute compile job (compile-file /private/tmp/mrr-clean-graph-sdk/lib/core/extension-graph/support/data.scm)
... execute compile job (compile-file /private/tmp/mrr-clean-graph-sdk/lib/core/object-family/syntax~1.scm)
... compile poo-clos/types
... compile poo-clos/funcs
... compile poo-clos/declaration-ir-core
... execute compile job (compile-file /private/tmp/mrr-clean-graph-sdk/lib/core/contribution/objects~0.scm)
... compile module-system/schema/slot-contracts
... execute compile job (compile-file /private/tmp/mrr-clean-graph-sdk/lib/core/contribution/objects.scm)
... execute compile job (compile-file /private/tmp/mrr-clean-graph-sdk/lib/core/contribution/verification~0.scm)
... compile module-system/schema/relations
... compile observability/types
... compile object-family/indexed
... compile extension-graph/support/node-operations
... execute compile job (compile-file /private/tmp/mrr-clean-graph-sdk/lib/core/contribution/verification.scm)
... compile module-system/source/objects
... compile module-system/projection/option-objects
... execute compile job (compile-file /private/tmp/mrr-clean-graph-sdk/lib/core/module-system/schema/support/slot-policy~0.scm)
... compile module-system/observability/diagnostics
... compile composition/lineage
... compile poo-clos/objects
... compile poo-clos/lambda-list
... execute compile job (compile-file /private/tmp/mrr-clean-graph-sdk/lib/core/module-system/schema/support/slot-policy.scm)
... compile poo-clos/class-declaration-ir
... compile poo-clos/method-combination-declaration-ir
... execute compile job (compile-file /private/tmp/mrr-clean-graph-sdk/lib/core/module-system/graph/funs~0.scm)
... compile observability/funcs
... compile module-system/types
... execute compile job (compile-file /private/tmp/mrr-clean-graph-sdk/lib/core/module-system/graph/funs.scm)
... execute compile job (compile-file /private/tmp/mrr-clean-graph-sdk/lib/core/module-system/funs~0.scm)
... compile object-family/interface
... compile extension-graph/support/operation
... compile module-system/loader/objects
... execute compile job (compile-file /private/tmp/mrr-clean-graph-sdk/lib/core/module-system/funs.scm)
... execute compile job (compile-file /private/tmp/mrr-clean-graph-sdk/lib/core/module-system/loader/load-path~0.scm)
... compile module-system/catalog/objects
... compile poo-clos/method-combination
... compile poo-clos/generic-evolution
... compile poo-clos/mop
... compile poo-clos/classes
... compile poo-clos/declaration-ir
... execute compile job (compile-file /private/tmp/mrr-clean-graph-sdk/lib/core/module-system/loader/load-path.scm)
... compile observability/slot-debug
... compile observability/objects
... compile module-system/objects
... compile module-system/config
... execute compile job (compile-file /private/tmp/mrr-clean-graph-sdk/lib/core/profile-composition/bindings~0.scm)
... compile profile-composition/profile-bundle
... compile extension-graph/support/apply
... execute compile job (compile-file /private/tmp/mrr-clean-graph-sdk/lib/core/profile-composition/bindings.scm)
... execute compile job (compile-file /private/tmp/mrr-clean-graph-sdk/lib/core/observability/slot-presentation~0.scm)
... compile poo-clos/model
... compile poo-clos/evolution
... execute compile job (compile-file /private/tmp/mrr-clean-graph-sdk/lib/core/observability/slot-presentation.scm)
... execute compile job (compile-file /private/tmp/mrr-clean-graph-sdk/lib/core/observability/output~0.scm)
... compile poo-clos/instance-state
... compile poo-clos/dispatch
... compile observability/debug
... compile module-system/projection/option-validation
... execute compile job (compile-file /private/tmp/mrr-clean-graph-sdk/lib/core/observability/output.scm)
... execute compile job (compile-file /private/tmp/mrr-clean-graph-sdk/lib/core/poo-clos/types~0.scm)
... compile profile-composition/selection-syntax
... compile extension-graph/interface
... compile poo-clos/lifecycle
... compile observability/testing-case
... execute compile job (compile-file /private/tmp/mrr-clean-graph-sdk/lib/core/poo-clos/types.scm)
... execute compile job (compile-file /private/tmp/mrr-clean-graph-sdk/lib/core/poo-clos/funcs~0.scm)
... compile module-system/schema/support/contracts
... compile poo-clos/reflection
... compile poo-clos/load-form
... compile poo-clos/syntax
... execute compile job (compile-file /private/tmp/mrr-clean-graph-sdk/lib/core/poo-clos/funcs.scm)
... execute compile job (compile-file /private/tmp/mrr-clean-graph-sdk/lib/core/poo-clos/declaration-ir-core~0.scm)
... execute compile job (compile-file /private/tmp/mrr-clean-graph-sdk/lib/core/poo-clos/declaration-ir-core.scm)
... execute compile job (compile-file /private/tmp/mrr-clean-graph-sdk/lib/core/module-system/schema/slot-contracts~0.scm)
... compile module-system/schema/support/object-slots
... compile module-system/schema/support/field-resolution
... compile poo-clos/interface
... compile module-system/schema/support/object
... compile module-system/schema/interface
... compile module-system/schema/validation
... execute compile job (compile-file /private/tmp/mrr-clean-graph-sdk/lib/core/module-system/schema/slot-contracts.scm)
... execute compile job (compile-file /private/tmp/mrr-clean-graph-sdk/lib/core/poo-clos/declaration-ir-core~1.scm)
... execute compile job (compile-file /private/tmp/mrr-clean-graph-sdk/lib/core/observability/types~0.scm)
... execute compile job (compile-file /private/tmp/mrr-clean-graph-sdk/lib/core/observability/types.scm)
... execute compile job (compile-file /private/tmp/mrr-clean-graph-sdk/lib/core/module-system/schema/relations~0.scm)
... execute compile job (compile-file /private/tmp/mrr-clean-graph-sdk/lib/core/module-system/schema/relations.scm)
... execute compile job (compile-file /private/tmp/mrr-clean-graph-sdk/lib/core/object-family/indexed~0.scm)
... execute compile job (compile-file /private/tmp/mrr-clean-graph-sdk/lib/core/object-family/indexed.scm)
... execute compile job (compile-file /private/tmp/mrr-clean-graph-sdk/lib/core/extension-graph/support/node-operations~0.scm)
... execute compile job (compile-file /private/tmp/mrr-clean-graph-sdk/lib/core/extension-graph/support/node-operations.scm)
... execute compile job (compile-file /private/tmp/mrr-clean-graph-sdk/lib/core/module-system/projection/option-objects~0.scm)
... execute compile job (compile-file /private/tmp/mrr-clean-graph-sdk/lib/core/module-system/projection/option-objects.scm)
... execute compile job (compile-file /private/tmp/mrr-clean-graph-sdk/lib/core/module-system/source/objects~0.scm)
... execute compile job (compile-file /private/tmp/mrr-clean-graph-sdk/lib/core/module-system/source/objects.scm)
... execute compile job (compile-file /private/tmp/mrr-clean-graph-sdk/lib/core/module-system/observability/diagnostics~0.scm)
... execute compile job (compile-file /private/tmp/mrr-clean-graph-sdk/lib/core/module-system/observability/diagnostics.scm)
... execute compile job (compile-file /private/tmp/mrr-clean-graph-sdk/lib/core/composition/lineage~0.scm)
... execute compile job (compile-file /private/tmp/mrr-clean-graph-sdk/lib/core/composition/lineage.scm)
... execute compile job (compile-file /private/tmp/mrr-clean-graph-sdk/lib/core/poo-clos/objects~0.scm)
... execute compile job (compile-file /private/tmp/mrr-clean-graph-sdk/lib/core/poo-clos/objects.scm)
... execute compile job (compile-file /private/tmp/mrr-clean-graph-sdk/lib/core/poo-clos/lambda-list~0.scm)
... execute compile job (compile-file /private/tmp/mrr-clean-graph-sdk/lib/core/poo-clos/lambda-list.scm)
... execute compile job (compile-file /private/tmp/mrr-clean-graph-sdk/lib/core/poo-clos/class-declaration-ir~0.scm)
... execute compile job (compile-file /private/tmp/mrr-clean-graph-sdk/lib/core/poo-clos/class-declaration-ir.scm)
... execute compile job (compile-file /private/tmp/mrr-clean-graph-sdk/lib/core/poo-clos/method-combination-declaration-ir~0.scm)
... execute compile job (compile-file /private/tmp/mrr-clean-graph-sdk/lib/core/poo-clos/method-combination-declaration-ir.scm)
... execute compile job (compile-file /private/tmp/mrr-clean-graph-sdk/lib/core/observability/funcs~0.scm)
... execute compile job (compile-file /private/tmp/mrr-clean-graph-sdk/lib/core/observability/funcs.scm)
... execute compile job (compile-file /private/tmp/mrr-clean-graph-sdk/lib/core/module-system/types~0.scm)
... execute compile job (compile-file /private/tmp/mrr-clean-graph-sdk/lib/core/module-system/types.scm)
... execute compile job (compile-file /private/tmp/mrr-clean-graph-sdk/lib/core/object-family/interface.scm)
... execute compile job (compile-file /private/tmp/mrr-clean-graph-sdk/lib/core/extension-graph/support/operation~0.scm)
... execute compile job (compile-file /private/tmp/mrr-clean-graph-sdk/lib/core/extension-graph/support/operation.scm)
... execute compile job (compile-file /private/tmp/mrr-clean-graph-sdk/lib/core/module-system/catalog/objects~0.scm)
... execute compile job (compile-file /private/tmp/mrr-clean-graph-sdk/lib/core/module-system/catalog/objects.scm)
... execute compile job (compile-file /private/tmp/mrr-clean-graph-sdk/lib/core/module-system/loader/objects~0.scm)
... execute compile job (compile-file /private/tmp/mrr-clean-graph-sdk/lib/core/module-system/loader/objects.scm)
... execute compile job (compile-file /private/tmp/mrr-clean-graph-sdk/lib/core/poo-clos/method-combination~0.scm)
... execute compile job (compile-file /private/tmp/mrr-clean-graph-sdk/lib/core/poo-clos/method-combination.scm)
... execute compile job (compile-file /private/tmp/mrr-clean-graph-sdk/lib/core/poo-clos/generic-evolution~0.scm)
... execute compile job (compile-file /private/tmp/mrr-clean-graph-sdk/lib/core/poo-clos/generic-evolution.scm)
... execute compile job (compile-file /private/tmp/mrr-clean-graph-sdk/lib/core/poo-clos/mop~0.scm)
... execute compile job (compile-file /private/tmp/mrr-clean-graph-sdk/lib/core/poo-clos/mop.scm)
... execute compile job (compile-file /private/tmp/mrr-clean-graph-sdk/lib/core/poo-clos/classes~0.scm)
... execute compile job (compile-file /private/tmp/mrr-clean-graph-sdk/lib/core/poo-clos/classes.scm)
... execute compile job (compile-file /private/tmp/mrr-clean-graph-sdk/lib/core/poo-clos/declaration-ir.scm)
... execute compile job (compile-file /private/tmp/mrr-clean-graph-sdk/lib/core/observability/slot-debug~0.scm)
... execute compile job (compile-file /private/tmp/mrr-clean-graph-sdk/lib/core/observability/slot-debug.scm)
... execute compile job (compile-file /private/tmp/mrr-clean-graph-sdk/lib/core/observability/slot-debug~1.scm)
... execute compile job (compile-file /private/tmp/mrr-clean-graph-sdk/lib/core/observability/objects~0.scm)
... execute compile job (compile-file /private/tmp/mrr-clean-graph-sdk/lib/core/observability/objects.scm)
... execute compile job (compile-file /private/tmp/mrr-clean-graph-sdk/lib/core/module-system/objects~0.scm)
... execute compile job (compile-file /private/tmp/mrr-clean-graph-sdk/lib/core/module-system/objects.scm)
... execute compile job (compile-file /private/tmp/mrr-clean-graph-sdk/lib/core/module-system/config~0.scm)
... execute compile job (compile-file /private/tmp/mrr-clean-graph-sdk/lib/core/module-system/config.scm)
... execute compile job (compile-file /private/tmp/mrr-clean-graph-sdk/lib/core/profile-composition/profile-bundle~0.scm)
... execute compile job (compile-file /private/tmp/mrr-clean-graph-sdk/lib/core/profile-composition/profile-bundle.scm)
... execute compile job (compile-file /private/tmp/mrr-clean-graph-sdk/lib/core/profile-composition/profile-bundle~1.scm)
... execute compile job (compile-file /private/tmp/mrr-clean-graph-sdk/lib/core/extension-graph/support/apply~0.scm)
... execute compile job (compile-file /private/tmp/mrr-clean-graph-sdk/lib/core/extension-graph/support/apply.scm)
... execute compile job (compile-file /private/tmp/mrr-clean-graph-sdk/lib/core/poo-clos/model~0.scm)
... execute compile job (compile-file /private/tmp/mrr-clean-graph-sdk/lib/core/poo-clos/model.scm)
... execute compile job (compile-file /private/tmp/mrr-clean-graph-sdk/lib/core/poo-clos/evolution~0.scm)
... execute compile job (compile-file /private/tmp/mrr-clean-graph-sdk/lib/core/poo-clos/evolution.scm)
... execute compile job (compile-file /private/tmp/mrr-clean-graph-sdk/lib/core/poo-clos/instance-state~0.scm)
... execute compile job (compile-file /private/tmp/mrr-clean-graph-sdk/lib/core/poo-clos/instance-state.scm)
... execute compile job (compile-file /private/tmp/mrr-clean-graph-sdk/lib/core/poo-clos/dispatch~0.scm)
... execute compile job (compile-file /private/tmp/mrr-clean-graph-sdk/lib/core/poo-clos/dispatch.scm)
... execute compile job (compile-file /private/tmp/mrr-clean-graph-sdk/lib/core/observability/debug~0.scm)
... execute compile job (compile-file /private/tmp/mrr-clean-graph-sdk/lib/core/observability/debug.scm)
... execute compile job (compile-file /private/tmp/mrr-clean-graph-sdk/lib/core/module-system/projection/option-validation~0.scm)
... execute compile job (compile-file /private/tmp/mrr-clean-graph-sdk/lib/core/module-system/projection/option-validation.scm)
... execute compile job (compile-file /private/tmp/mrr-clean-graph-sdk/lib/core/observability/debug~1.scm)
... execute compile job (compile-file /private/tmp/mrr-clean-graph-sdk/lib/core/profile-composition/selection-syntax.scm)
... execute compile job (compile-file /private/tmp/mrr-clean-graph-sdk/lib/core/profile-composition/selection-syntax~1.scm)
... execute compile job (compile-file /private/tmp/mrr-clean-graph-sdk/lib/core/extension-graph/interface.scm)
... execute compile job (compile-file /private/tmp/mrr-clean-graph-sdk/lib/core/observability/testing-case~0.scm)
... execute compile job (compile-file /private/tmp/mrr-clean-graph-sdk/lib/core/observability/testing-case.scm)
... execute compile job (compile-file /private/tmp/mrr-clean-graph-sdk/lib/core/poo-clos/lifecycle~0.scm)
... execute compile job (compile-file /private/tmp/mrr-clean-graph-sdk/lib/core/poo-clos/lifecycle.scm)
... execute compile job (compile-file /private/tmp/mrr-clean-graph-sdk/lib/core/observability/testing-case~1.scm)
... execute compile job (compile-file /private/tmp/mrr-clean-graph-sdk/lib/core/module-system/schema/support/contracts~0.scm)
... execute compile job (compile-file /private/tmp/mrr-clean-graph-sdk/lib/core/module-system/schema/support/contracts.scm)
... execute compile job (compile-file /private/tmp/mrr-clean-graph-sdk/lib/core/poo-clos/load-form~0.scm)
... execute compile job (compile-file /private/tmp/mrr-clean-graph-sdk/lib/core/poo-clos/load-form.scm)
... execute compile job (compile-file /private/tmp/mrr-clean-graph-sdk/lib/core/poo-clos/reflection~0.scm)
... execute compile job (compile-file /private/tmp/mrr-clean-graph-sdk/lib/core/poo-clos/reflection.scm)
... execute compile job (compile-file /private/tmp/mrr-clean-graph-sdk/lib/core/poo-clos/syntax.scm)
... execute compile job (compile-file /private/tmp/mrr-clean-graph-sdk/lib/core/poo-clos/syntax~1.scm)
... execute compile job (compile-file /private/tmp/mrr-clean-graph-sdk/lib/core/module-system/schema/support/object-slots~0.scm)
... execute compile job (compile-file /private/tmp/mrr-clean-graph-sdk/lib/core/module-system/schema/support/object-slots.scm)
... execute compile job (compile-file /private/tmp/mrr-clean-graph-sdk/lib/core/module-system/schema/support/field-resolution~0.scm)
... execute compile job (compile-file /private/tmp/mrr-clean-graph-sdk/lib/core/module-system/schema/support/field-resolution.scm)
... execute compile job (compile-file /private/tmp/mrr-clean-graph-sdk/lib/core/poo-clos/interface.scm)
... execute compile job (compile-file /private/tmp/mrr-clean-graph-sdk/lib/core/module-system/schema/support/object~0.scm)
... execute compile job (compile-file /private/tmp/mrr-clean-graph-sdk/lib/core/module-system/schema/support/object.scm)
... execute compile job (compile-file /private/tmp/mrr-clean-graph-sdk/lib/core/module-system/schema/interface.scm)
... execute compile job (compile-file /private/tmp/mrr-clean-graph-sdk/lib/core/module-system/schema/validation~0.scm)
... execute compile job (compile-file /private/tmp/mrr-clean-graph-sdk/lib/core/module-system/schema/validation.scm)
... generate parser artifact tla-plus-core-grammar
... generate parser artifact tla-plus-layout-grammar
... generate parser artifact tla-plus-sany-candidate-grammar
... generate parser artifact gql-iso-grammar
... generate parser artifact opencypher-2024-1-grammar
... generate parser artifact hcl-v2-24-grammar
... generate parser artifact fhirpath-v2-grammar
... generate parser artifact arithmetic-grammar
... generate parser artifact hl7v2-grammar
... compile language-support/antlr4-source-lexer.ss
... compile languages/tla-plus/sany-scanner.ss
... compile languages/gql/iso-39075-2024/query-syntax.ss
... compile languages/bash/v5-3/scan-words.ss
... execute compile job (compile-file /private/tmp/mrr-clean-graph-sdk/lib/gerbil-parser/language-support/antlr4-source-lexer~0.scm)
... execute compile job (compile-file /private/tmp/mrr-clean-graph-sdk/lib/gerbil-parser/language-support/antlr4-source-lexer.scm)
... execute compile job (compile-file /private/tmp/mrr-clean-graph-sdk/lib/gerbil-parser/language-support/antlr4-source-lexer~1.scm)
... compile languages/fhirpath/v2.0.0/scanner.ss
... execute compile job (compile-file /private/tmp/mrr-clean-graph-sdk/lib/gerbil-parser/languages/tla-plus/sany-scanner~0.scm)
... execute compile job (compile-file /private/tmp/mrr-clean-graph-sdk/lib/gerbil-parser/languages/tla-plus/sany-scanner.scm)
... compile languages/hl7/v2-2.5.1/scanner.ss
... compile src/grammar/lexical-algebra.ss
... compile src/grammar/algebra.ss
... execute compile job (compile-file /private/tmp/mrr-clean-graph-sdk/lib/gerbil-parser/languages/gql/iso-39075-2024/query-syntax~0.scm)
... execute compile job (compile-file /private/tmp/mrr-clean-graph-sdk/lib/gerbil-parser/languages/gql/iso-39075-2024/query-syntax.scm)
... execute compile job (compile-file /private/tmp/mrr-clean-graph-sdk/lib/gerbil-parser/languages/bash/v5-3/scan-words~0.scm)
... execute compile job (compile-file /private/tmp/mrr-clean-graph-sdk/lib/gerbil-parser/languages/bash/v5-3/scan-words.scm)
... execute compile job (compile-file /private/tmp/mrr-clean-graph-sdk/lib/gerbil-parser/languages/fhirpath/v2.0.0/scanner~0.scm)
... execute compile job (compile-file /private/tmp/mrr-clean-graph-sdk/lib/gerbil-parser/languages/fhirpath/v2.0.0/scanner.scm)
... compile src/runtime/lr-action-index.ss
... execute compile job (compile-file /private/tmp/mrr-clean-graph-sdk/lib/gerbil-parser/languages/hl7/v2-2.5.1/scanner~0.scm)
... execute compile job (compile-file /private/tmp/mrr-clean-graph-sdk/lib/gerbil-parser/languages/hl7/v2-2.5.1/scanner.scm)
... execute compile job (compile-file /private/tmp/mrr-clean-graph-sdk/lib/gerbil-parser/src/grammar/lexical-algebra~0.scm)
... compile src/runtime/identity.ss
... compile src/runtime/token.ss
... compile src/runtime/parser-ir-data.ss
... execute compile job (compile-file /private/tmp/mrr-clean-graph-sdk/lib/gerbil-parser/src/grammar/lexical-algebra.scm)
... execute compile job (compile-file /private/tmp/mrr-clean-graph-sdk/lib/gerbil-parser/src/grammar/algebra~0.scm)
... execute compile job (compile-file /private/tmp/mrr-clean-graph-sdk/lib/gerbil-parser/src/grammar/algebra.scm)
... execute compile job (compile-file /private/tmp/mrr-clean-graph-sdk/lib/gerbil-parser/src/grammar/lexical-algebra~1.scm)
... execute compile job (compile-file /private/tmp/mrr-clean-graph-sdk/lib/gerbil-parser/src/grammar/algebra~1.scm)
... execute compile job (compile-file /private/tmp/mrr-clean-graph-sdk/lib/gerbil-parser/src/runtime/lr-action-index~0.scm)
... compile src/runtime/observability.ss
... compile src/language/descriptor.ss
... compile src/utilities/strings.ss
... compile src/utilities/lists.ss
... execute compile job (compile-file /private/tmp/mrr-clean-graph-sdk/lib/gerbil-parser/src/runtime/lr-action-index.scm)
... compile src/build-support/rust-rowan-aot.ss
... compile src/modules/parser/source-fragment-types.ss
... compile src/modules/parser/graph-query-types.ss
... compile src/modules/parser/types.ss
... compile src/compiler/funcs.ss
... compile src/compiler/native-language.ss
... compile src/compiler/event-list-marker.ss
... compile src/compiler/rust-syntax.ss
... execute compile job (compile-file /private/tmp/mrr-clean-graph-sdk/lib/gerbil-parser/src/runtime/lr-action-index~1.scm)
... execute compile job (compile-file /private/tmp/mrr-clean-graph-sdk/lib/gerbil-parser/src/runtime/identity~0.scm)
... compile language-support/fixture.ss
... compile src/runtime/language-artifact.ss
... compile src/compiler/bound-ir.ss
... execute compile job (compile-file /private/tmp/mrr-clean-graph-sdk/lib/gerbil-parser/src/runtime/identity.scm)
... execute compile job (compile-file /private/tmp/mrr-clean-graph-sdk/lib/gerbil-parser/src/runtime/token~0.scm)
... execute compile job (compile-file /private/tmp/mrr-clean-graph-sdk/lib/gerbil-parser/src/runtime/token.scm)
... execute compile job (compile-file /private/tmp/mrr-clean-graph-sdk/lib/gerbil-parser/src/runtime/parser-ir-data~0.scm)
... execute compile job (compile-file /private/tmp/mrr-clean-graph-sdk/lib/gerbil-parser/src/runtime/parser-ir-data.scm)
... execute compile job (compile-file /private/tmp/mrr-clean-graph-sdk/lib/gerbil-parser/src/runtime/observability~0.scm)
... compile language-support/antlr4-source.ss
... compile src/runtime/event-program.ss
... compile src/runtime/scan.ss
... compile src/runtime/source-index.ss
... execute compile job (compile-file /private/tmp/mrr-clean-graph-sdk/lib/gerbil-parser/src/runtime/observability.scm)
... execute compile job (compile-file /private/tmp/mrr-clean-graph-sdk/lib/gerbil-parser/src/language/descriptor~0.scm)
... execute compile job (compile-file /private/tmp/mrr-clean-graph-sdk/lib/gerbil-parser/src/language/descriptor.scm)
... execute compile job (compile-file /private/tmp/mrr-clean-graph-sdk/lib/gerbil-parser/src/language/descriptor~1.scm)
... compile src/runtime/source-scanner.ss
... compile language-support/javacc-source.ss
... compile language-support/iso-bnf.ss
... compile src/modules/parser/source-fragment-objects.ss
... execute compile job (compile-file /private/tmp/mrr-clean-graph-sdk/lib/gerbil-parser/src/utilities/strings~0.scm)
... execute compile job (compile-file /private/tmp/mrr-clean-graph-sdk/lib/gerbil-parser/src/utilities/strings.scm)
... execute compile job (compile-file /private/tmp/mrr-clean-graph-sdk/lib/gerbil-parser/src/utilities/lists~0.scm)
... compile src/modules/parser/graph-query-objects.ss
... compile src/modules/parser/line-structure-types.ss
... compile src/modules/parser/graph-projection-types.ss
... compile src/modules/parser/objects.ss
... execute compile job (compile-file /private/tmp/mrr-clean-graph-sdk/lib/gerbil-parser/src/utilities/lists.scm)
... compile src/modules/parser/contextual-types.ss
... compile src/compiler/event-fold-future.ss
... compile src/compiler/lr.ss
... execute compile job (compile-file /private/tmp/mrr-clean-graph-sdk/lib/gerbil-parser/src/build-support/rust-rowan-aot~0.scm)
... execute compile job (compile-file /private/tmp/mrr-clean-graph-sdk/lib/gerbil-parser/src/build-support/rust-rowan-aot.scm)
... compile src/compiler/rust-pure-aot.ss
... execute compile job (compile-file /private/tmp/mrr-clean-graph-sdk/lib/gerbil-parser/src/modules/parser/source-fragment-types~0.scm)
... execute compile job (compile-file /private/tmp/mrr-clean-graph-sdk/lib/gerbil-parser/src/modules/parser/source-fragment-types.scm)
... execute compile job (compile-file /private/tmp/mrr-clean-graph-sdk/lib/gerbil-parser/src/modules/parser/graph-query-types~0.scm)
... compile src/compiler/language-artifact.ss
... compile src/runtime/contextual-scanner.ss
... execute compile job (compile-file /private/tmp/mrr-clean-graph-sdk/lib/gerbil-parser/src/modules/parser/graph-query-types.scm)
... execute compile job (compile-file /private/tmp/mrr-clean-graph-sdk/lib/gerbil-parser/src/modules/parser/types~0.scm)
... compile src/runtime/recognition.ss
... compile languages/bash/v5-3/scanner.ss
... execute compile job (compile-file /private/tmp/mrr-clean-graph-sdk/lib/gerbil-parser/src/modules/parser/types.scm)
... compile src/modules/parser/source-fragment-funs.ss
... execute compile job (compile-file /private/tmp/mrr-clean-graph-sdk/lib/gerbil-parser/src/compiler/funcs~0.scm)
... execute compile job (compile-file /private/tmp/mrr-clean-graph-sdk/lib/gerbil-parser/src/compiler/funcs.scm)
... compile src/modules/parser/graph-query-funs.ss
... compile src/modules/parser/line-structure-objects.ss
... compile src/modules/parser/graph-projection-objects.ss
... execute compile job (compile-file /private/tmp/mrr-clean-graph-sdk/lib/gerbil-parser/src/compiler/native-language~0.scm)
... compile src/modules/parser/funcs.ss
... compile src/modules/parser/syntax.ss
... compile src/compiler/normalize.ss
... execute compile job (compile-file /private/tmp/mrr-clean-graph-sdk/lib/gerbil-parser/src/compiler/native-language.scm)
... execute compile job (compile-file /private/tmp/mrr-clean-graph-sdk/lib/gerbil-parser/src/compiler/event-list-marker~0.scm)
... compile src/modules/parser/contextual-objects.ss
... execute compile job (compile-file /private/tmp/mrr-clean-graph-sdk/lib/gerbil-parser/src/compiler/event-list-marker.scm)
... compile src/compiler/lr-automaton.ss
... execute compile job (compile-file /private/tmp/mrr-clean-graph-sdk/lib/gerbil-parser/src/compiler/rust-syntax~0.scm)
... compile src/runtime/layout.ss
... compile src/runtime/funcs.ss
... execute compile job (compile-file /private/tmp/mrr-clean-graph-sdk/lib/gerbil-parser/src/compiler/rust-syntax.scm)
... compile languages/bash/v5-3/word.ss
... compile graph-query-support.ss
... compile src/modules/parser/interface.ss
... execute compile job (compile-file /private/tmp/mrr-clean-graph-sdk/lib/gerbil-parser/language-support/fixture~0.scm)
... compile src/compiler/contextual-dispatch.ss
... execute compile job (compile-file /private/tmp/mrr-clean-graph-sdk/lib/gerbil-parser/language-support/fixture.scm)
... compile src/compiler/lr-lookahead.ss
... compile src/runtime/reduce.ss
... compile src/runtime/event-reduce.ss
... execute compile job (compile-file /private/tmp/mrr-clean-graph-sdk/lib/gerbil-parser/src/compiler/rust-syntax~1.scm)
... execute compile job (compile-file /private/tmp/mrr-clean-graph-sdk/lib/gerbil-parser/src/runtime/language-artifact~0.scm)
... execute compile job (compile-file /private/tmp/mrr-clean-graph-sdk/lib/gerbil-parser/src/runtime/language-artifact.scm)
... compile src/runtime/artifact.ss
... compile src/compiler/contextual-scanner-ir.ss
... compile src/runtime/lr-parser.ss
... compile languages/hcl/v2-24/direct-step.ss
... execute compile job (compile-file /private/tmp/mrr-clean-graph-sdk/lib/gerbil-parser/language-support/fixture~1.scm)
... execute compile job (compile-file /private/tmp/mrr-clean-graph-sdk/lib/gerbil-parser/src/compiler/bound-ir~0.scm)
... compile src/compiler/lr-conflict-candidates.ss
... compile src/compiler/lr-partition.ss
... execute compile job (compile-file /private/tmp/mrr-clean-graph-sdk/lib/gerbil-parser/src/compiler/bound-ir.scm)
... compile languages/hl7/v2-2.5.1/projection.ss
... compile src/language/source.ss
... compile src/runtime/cst.ss
... execute compile job (compile-file /private/tmp/mrr-clean-graph-sdk/lib/gerbil-parser/language-support/antlr4-source~0.scm)
... compile languages/bash/v5-3/parser-core.ss
... execute compile job (compile-file /private/tmp/mrr-clean-graph-sdk/lib/gerbil-parser/language-support/antlr4-source.scm)
... compile src/compiler/machine.ss
... compile languages/arithmetic/v1/direct-lr.ss
... execute compile job (compile-file /private/tmp/mrr-clean-graph-sdk/lib/gerbil-parser/src/runtime/event-program~0.scm)
... execute compile job (compile-file /private/tmp/mrr-clean-graph-sdk/lib/gerbil-parser/src/runtime/event-program.scm)
... execute compile job (compile-file /private/tmp/mrr-clean-graph-sdk/lib/gerbil-parser/src/runtime/scan~0.scm)
... execute compile job (compile-file /private/tmp/mrr-clean-graph-sdk/lib/gerbil-parser/src/runtime/scan.scm)
... execute compile job (compile-file /private/tmp/mrr-clean-graph-sdk/lib/gerbil-parser/language-support/antlr4-source~1.scm)
... execute compile job (compile-file /private/tmp/mrr-clean-graph-sdk/lib/gerbil-parser/src/runtime/source-index~0.scm)
... execute compile job (compile-file /private/tmp/mrr-clean-graph-sdk/lib/gerbil-parser/src/runtime/source-index.scm)
... execute compile job (compile-file /private/tmp/mrr-clean-graph-sdk/lib/gerbil-parser/src/runtime/event-program~1.scm)
... execute compile job (compile-file /private/tmp/mrr-clean-graph-sdk/lib/gerbil-parser/src/runtime/source-index~1.scm)
... execute compile job (compile-file /private/tmp/mrr-clean-graph-sdk/lib/gerbil-parser/src/runtime/source-scanner~0.scm)
... execute compile job (compile-file /private/tmp/mrr-clean-graph-sdk/lib/gerbil-parser/src/runtime/source-scanner.scm)
... execute compile job (compile-file /private/tmp/mrr-clean-graph-sdk/lib/gerbil-parser/language-support/javacc-source~0.scm)
... compile src/compiler/lr-follow-automaton.ss
... execute compile job (compile-file /private/tmp/mrr-clean-graph-sdk/lib/gerbil-parser/language-support/javacc-source.scm)
... execute compile job (compile-file /private/tmp/mrr-clean-graph-sdk/lib/gerbil-parser/src/runtime/source-scanner~1.scm)
... compile languages/tla-plus/sany-proof.ss
... execute compile job (compile-file /private/tmp/mrr-clean-graph-sdk/lib/gerbil-parser/language-support/javacc-source~1.scm)
... compile src/testing/parser-ast.ss
... compile languages/bash/v5-3/grammar.ss
... compile src/compiler/lr-compiler.ss
... compile src/runtime/significant.ss
... execute compile job (compile-file /private/tmp/mrr-clean-graph-sdk/lib/gerbil-parser/language-support/iso-bnf~0.scm)
... execute compile job (compile-file /private/tmp/mrr-clean-graph-sdk/lib/gerbil-parser/language-support/iso-bnf.scm)
... execute compile job (compile-file /private/tmp/mrr-clean-graph-sdk/lib/gerbil-parser/src/modules/parser/source-fragment-objects~0.scm)
... compile src/runtime/lexer.ss
... compile src/compiler/rust-rowan.ss
... compile src/compiler/event-strategy-aot.ss
... compile src/compiler/line-structure-rowan.ss
... execute compile job (compile-file /private/tmp/mrr-clean-graph-sdk/lib/gerbil-parser/src/modules/parser/source-fragment-objects.scm)
... execute compile job (compile-file /private/tmp/mrr-clean-graph-sdk/lib/gerbil-parser/language-support/iso-bnf~1.scm)
... compile src/compiler/graph-projection-rowan.ss
... compile src/compiler/parser-ir.ss
... execute compile job (compile-file /private/tmp/mrr-clean-graph-sdk/lib/gerbil-parser/src/modules/parser/graph-query-objects~0.scm)
... execute compile job (compile-file /private/tmp/mrr-clean-graph-sdk/lib/gerbil-parser/src/modules/parser/graph-query-objects.scm)
... compile src/runtime/probe.ss
... compile src/runtime/parser.ss
... execute compile job (compile-file /private/tmp/mrr-clean-graph-sdk/lib/gerbil-parser/src/modules/parser/line-structure-types~0.scm)
... compile languages/hcl/v2-24/direct-recursive.ss
... compile src/ffi/rust-rowan-aot-v1.ss
... execute compile job (compile-file /private/tmp/mrr-clean-graph-sdk/lib/gerbil-parser/src/modules/parser/line-structure-types.scm)
... execute compile job (compile-file /private/tmp/mrr-clean-graph-sdk/lib/gerbil-parser/src/modules/parser/graph-projection-types~0.scm)
... compile src/compiler/event-fold-runtime.ss
... compile line-structure-support.ss
... execute compile job (compile-file /private/tmp/mrr-clean-graph-sdk/lib/gerbil-parser/src/modules/parser/graph-projection-types.scm)
... compile graph-projection-support.ss
... compile src/compiler/contextual-parser-ir.ss
... compile src/language/grammar.ss
... compile src/runtime/reuse.ss
... execute compile job (compile-file /private/tmp/mrr-clean-graph-sdk/lib/gerbil-parser/src/modules/parser/objects~0.scm)
... execute compile job (compile-file /private/tmp/mrr-clean-graph-sdk/lib/gerbil-parser/src/modules/parser/objects.scm)
... execute compile job (compile-file /private/tmp/mrr-clean-graph-sdk/lib/gerbil-parser/src/modules/parser/contextual-types~0.scm)
... execute compile job (compile-file /private/tmp/mrr-clean-graph-sdk/lib/gerbil-parser/src/modules/parser/contextual-types.scm)
... execute compile job (compile-file /private/tmp/mrr-clean-graph-sdk/lib/gerbil-parser/src/compiler/event-fold-future~0.scm)
... execute compile job (compile-file /private/tmp/mrr-clean-graph-sdk/lib/gerbil-parser/src/compiler/event-fold-future.scm)
... execute compile job (compile-file /private/tmp/mrr-clean-graph-sdk/lib/gerbil-parser/src/compiler/lr~0.scm)
... execute compile job (compile-file /private/tmp/mrr-clean-graph-sdk/lib/gerbil-parser/src/compiler/lr.scm)
... execute compile job (compile-file /private/tmp/mrr-clean-graph-sdk/lib/gerbil-parser/src/compiler/rust-pure-aot~0.scm)
... execute compile job (compile-file /private/tmp/mrr-clean-graph-sdk/lib/gerbil-parser/src/compiler/rust-pure-aot.scm)
... execute compile job (compile-file /private/tmp/mrr-clean-graph-sdk/lib/gerbil-parser/src/compiler/rust-pure-aot~1.scm)
... execute compile job (compile-file /private/tmp/mrr-clean-graph-sdk/lib/gerbil-parser/src/compiler/language-artifact~0.scm)
... execute compile job (compile-file /private/tmp/mrr-clean-graph-sdk/lib/gerbil-parser/src/compiler/language-artifact.scm)
... execute compile job (compile-file /private/tmp/mrr-clean-graph-sdk/lib/gerbil-parser/src/runtime/contextual-scanner~0.scm)
... execute compile job (compile-file /private/tmp/mrr-clean-graph-sdk/lib/gerbil-parser/src/runtime/contextual-scanner.scm)
... execute compile job (compile-file /private/tmp/mrr-clean-graph-sdk/lib/gerbil-parser/src/runtime/contextual-scanner~1.scm)
... execute compile job (compile-file /private/tmp/mrr-clean-graph-sdk/lib/gerbil-parser/src/runtime/recognition~0.scm)
... execute compile job (compile-file /private/tmp/mrr-clean-graph-sdk/lib/gerbil-parser/src/runtime/recognition.scm)
... execute compile job (compile-file /private/tmp/mrr-clean-graph-sdk/lib/gerbil-parser/src/runtime/recognition~1.scm)
... execute compile job (compile-file /private/tmp/mrr-clean-graph-sdk/lib/gerbil-parser/languages/bash/v5-3/scanner~0.scm)
... execute compile job (compile-file /private/tmp/mrr-clean-graph-sdk/lib/gerbil-parser/languages/bash/v5-3/scanner.scm)
... compile src/runtime/actor.ss
... compile src/compiler/rust-scanner.ss
... execute compile job (compile-file /private/tmp/mrr-clean-graph-sdk/lib/gerbil-parser/languages/bash/v5-3/scanner~1.scm)
... execute compile job (compile-file /private/tmp/mrr-clean-graph-sdk/lib/gerbil-parser/src/modules/parser/source-fragment-funs~0.scm)
... compile src/language/entry.ss
... compile src/runtime/recovery.ss
... compile src/ffi/rust-rowan-aot-v1-native
... compile src/compiler/event-fold-ir.ss
... execute compile job (compile-file /private/tmp/mrr-clean-graph-sdk/lib/gerbil-parser/src/modules/parser/source-fragment-funs.scm)
... compile src/runtime/incremental.ss
... compile rust-rowan-support.ss
... compile language-support/iso-bnf-language.ss
... compile language-support/antlr4-language.ss
... execute compile job (compile-file /private/tmp/mrr-clean-graph-sdk/lib/gerbil-parser/src/modules/parser/graph-query-funs~0.scm)
... execute compile job (compile-file /private/tmp/mrr-clean-graph-sdk/lib/gerbil-parser/src/modules/parser/graph-query-funs.scm)
... execute compile job (compile-file /private/tmp/mrr-clean-graph-sdk/lib/gerbil-parser/src/modules/parser/line-structure-objects~0.scm)
... execute compile job (compile-file /private/tmp/mrr-clean-graph-sdk/lib/gerbil-parser/src/modules/parser/line-structure-objects.scm)
... execute compile job (compile-file /private/tmp/mrr-clean-graph-sdk/lib/gerbil-parser/src/modules/parser/graph-projection-objects~0.scm)
... execute compile job (compile-file /private/tmp/mrr-clean-graph-sdk/lib/gerbil-parser/src/modules/parser/graph-projection-objects.scm)
... execute compile job (compile-file /private/tmp/mrr-clean-graph-sdk/lib/gerbil-parser/src/modules/parser/funcs~0.scm)
... execute compile job (compile-file /private/tmp/mrr-clean-graph-sdk/lib/gerbil-parser/src/modules/parser/funcs.scm)
... execute compile job (compile-file /private/tmp/mrr-clean-graph-sdk/lib/gerbil-parser/src/modules/parser/syntax.scm)
... execute compile job (compile-file /private/tmp/mrr-clean-graph-sdk/lib/gerbil-parser/src/modules/parser/syntax~1.scm)
... execute compile job (compile-file /private/tmp/mrr-clean-graph-sdk/lib/gerbil-parser/src/compiler/normalize~0.scm)
... execute compile job (compile-file /private/tmp/mrr-clean-graph-sdk/lib/gerbil-parser/src/compiler/normalize.scm)
... execute compile job (compile-file /private/tmp/mrr-clean-graph-sdk/lib/gerbil-parser/src/modules/parser/contextual-objects~0.scm)
... execute compile job (compile-file /private/tmp/mrr-clean-graph-sdk/lib/gerbil-parser/src/modules/parser/contextual-objects.scm)
... execute compile job (compile-file /private/tmp/mrr-clean-graph-sdk/lib/gerbil-parser/src/modules/parser/contextual-objects~1.scm)
... execute compile job (compile-file /private/tmp/mrr-clean-graph-sdk/lib/gerbil-parser/src/compiler/lr-automaton~0.scm)
... execute compile job (compile-file /private/tmp/mrr-clean-graph-sdk/lib/gerbil-parser/src/compiler/lr-automaton.scm)
... execute compile job (compile-file /private/tmp/mrr-clean-graph-sdk/lib/gerbil-parser/src/runtime/layout~0.scm)
... execute compile job (compile-file /private/tmp/mrr-clean-graph-sdk/lib/gerbil-parser/src/runtime/layout.scm)
... execute compile job (compile-file /private/tmp/mrr-clean-graph-sdk/lib/gerbil-parser/src/runtime/funcs~0.scm)
... execute compile job (compile-file /private/tmp/mrr-clean-graph-sdk/lib/gerbil-parser/src/runtime/funcs.scm)
... execute compile job (compile-file /private/tmp/mrr-clean-graph-sdk/lib/gerbil-parser/src/runtime/funcs~1.scm)
... execute compile job (compile-file /private/tmp/mrr-clean-graph-sdk/lib/gerbil-parser/languages/bash/v5-3/word~0.scm)
... execute compile job (compile-file /private/tmp/mrr-clean-graph-sdk/lib/gerbil-parser/languages/bash/v5-3/word.scm)
... execute compile job (compile-file /private/tmp/mrr-clean-graph-sdk/lib/gerbil-parser/graph-query-support.scm)
... execute compile job (compile-file /private/tmp/mrr-clean-graph-sdk/lib/gerbil-parser/src/modules/parser/interface.scm)
... execute compile job (compile-file /private/tmp/mrr-clean-graph-sdk/lib/gerbil-parser/src/compiler/contextual-dispatch~0.scm)
... execute compile job (compile-file /private/tmp/mrr-clean-graph-sdk/lib/gerbil-parser/src/compiler/contextual-dispatch.scm)
... compile rust-rowan-grammar-support.ss
... compile languages/hl7/v2-2.5.1/grammar.ss
... compile languages/arithmetic/v1/grammar.ss
... compile languages/hcl/v2-24/grammar.ss
... execute compile job (compile-file /private/tmp/mrr-clean-graph-sdk/lib/gerbil-parser/src/compiler/contextual-dispatch~1.scm)
... execute compile job (compile-file /private/tmp/mrr-clean-graph-sdk/lib/gerbil-parser/src/runtime/reduce~0.scm)
... execute compile job (compile-file /private/tmp/mrr-clean-graph-sdk/lib/gerbil-parser/src/runtime/reduce.scm)
... execute compile job (compile-file /private/tmp/mrr-clean-graph-sdk/lib/gerbil-parser/src/runtime/event-reduce~0.scm)
... compile parser-actor-support.ss
... compile languages/bash/v5-3/parser.ss
... compile src/ffi/language-artifact-codec.ss
... execute compile job (compile-file /private/tmp/mrr-clean-graph-sdk/lib/gerbil-parser/src/runtime/event-reduce.scm)
... execute compile job (compile-file /private/tmp/mrr-clean-graph-sdk/lib/gerbil-parser/src/compiler/lr-lookahead~0.scm)
... compile src/compiler/event-fold-aot.ss
... execute compile job (compile-file /private/tmp/mrr-clean-graph-sdk/lib/gerbil-parser/src/compiler/lr-lookahead.scm)
... compile src/api.ss
... compile language-support/grammar-source.ss
... execute compile job (compile-file /private/tmp/mrr-clean-graph-sdk/lib/gerbil-parser/src/runtime/artifact~0.scm)
... compile languages/cypher/opencypher-2024-1/grammar.ss
... compile languages/gql/iso-39075-2024/grammar.ss
... compile languages/hl7/v2-2.5.1/parser.ss
... execute compile job (compile-file /private/tmp/mrr-clean-graph-sdk/lib/gerbil-parser/src/runtime/artifact.scm)
... execute compile job (compile-file /private/tmp/mrr-clean-graph-sdk/lib/gerbil-parser/src/runtime/artifact~1.scm)
... compile languages/arithmetic/v1/parser.ss
... execute compile job (compile-file /private/tmp/mrr-clean-graph-sdk/lib/gerbil-parser/src/compiler/contextual-scanner-ir~0.scm)
... compile languages/hcl/v2-24/parser.ss
... compile src/ffi/language-handles.ss
... compile rust-rowan-event-support.ss
... execute compile job (compile-file /private/tmp/mrr-clean-graph-sdk/lib/gerbil-parser/src/compiler/contextual-scanner-ir.scm)
... compile languages/tla-plus/source.ss
... compile languages/gql/iso-39075-2024/source.ss
... execute compile job (compile-file /private/tmp/mrr-clean-graph-sdk/lib/gerbil-parser/src/runtime/lr-parser~0.scm)
... compile languages/fhirpath/v2.0.0/source.ss
... compile language-support.ss
... compile languages/cypher/opencypher-2024-1/parser.ss
... compile languages/cypher/opencypher-2024-1/source.ss
... compile languages/gql/iso-39075-2024/parser.ss
... compile native-language-support.ss
... compile src/ffi/language-v2-native
... compile languages/tla-plus/grammars/layout.ss
... compile languages/tla-plus/grammars/core.ss
... compile languages/tla-plus/grammars/sany-candidate.ss
... execute compile job (compile-file /private/tmp/mrr-clean-graph-sdk/lib/gerbil-parser/src/runtime/lr-parser.scm)
... compile languages/fhirpath/v2.0.0/grammar.ss
... compile languages/cypher/opencypher-2024-1/fixtures.ss
... compile languages/hcl/v2-24/fixtures.ss
... execute compile job (compile-file /private/tmp/mrr-clean-graph-sdk/lib/gerbil-parser/src/runtime/lr-parser~1.scm)
... compile languages/arithmetic/v1/fixtures.ss
... compile languages/gql/iso-39075-2024/fixtures.ss
... compile src/ffi/parse-artifact-v1.ss
... compile languages/tla-plus/fixtures.ss
... compile languages/tla-plus/parser.ss
... compile languages/tla-plus/sany-candidate.ss
... compile languages/fhirpath/v2.0.0/parser.ss
... compile src/ffi/parse-artifact-v1-native
... compile languages/tla-plus/qualification.ss
... execute compile job (compile-file /private/tmp/mrr-clean-graph-sdk/lib/gerbil-parser/languages/hcl/v2-24/direct-step~0.scm)
... execute compile job (compile-file /private/tmp/mrr-clean-graph-sdk/lib/gerbil-parser/languages/hcl/v2-24/direct-step.scm)
... execute compile job (compile-file /private/tmp/mrr-clean-graph-sdk/lib/gerbil-parser/src/compiler/lr-conflict-candidates~0.scm)
... execute compile job (compile-file /private/tmp/mrr-clean-graph-sdk/lib/gerbil-parser/src/compiler/lr-conflict-candidates.scm)
... execute compile job (compile-file /private/tmp/mrr-clean-graph-sdk/lib/gerbil-parser/src/compiler/lr-partition~0.scm)
... execute compile job (compile-file /private/tmp/mrr-clean-graph-sdk/lib/gerbil-parser/src/compiler/lr-partition.scm)
... execute compile job (compile-file /private/tmp/mrr-clean-graph-sdk/lib/gerbil-parser/languages/hl7/v2-2.5.1/projection~0.scm)
... execute compile job (compile-file /private/tmp/mrr-clean-graph-sdk/lib/gerbil-parser/languages/hl7/v2-2.5.1/projection.scm)
... execute compile job (compile-file /private/tmp/mrr-clean-graph-sdk/lib/gerbil-parser/src/language/source~0.scm)
... execute compile job (compile-file /private/tmp/mrr-clean-graph-sdk/lib/gerbil-parser/src/language/source.scm)
... execute compile job (compile-file /private/tmp/mrr-clean-graph-sdk/lib/gerbil-parser/src/runtime/cst~0.scm)
... execute compile job (compile-file /private/tmp/mrr-clean-graph-sdk/lib/gerbil-parser/src/runtime/cst.scm)
... execute compile job (compile-file /private/tmp/mrr-clean-graph-sdk/lib/gerbil-parser/src/language/source~1.scm)
... execute compile job (compile-file /private/tmp/mrr-clean-graph-sdk/lib/gerbil-parser/src/runtime/cst~1.scm)
... execute compile job (compile-file /private/tmp/mrr-clean-graph-sdk/lib/gerbil-parser/languages/bash/v5-3/parser-core~0.scm)
... execute compile job (compile-file /private/tmp/mrr-clean-graph-sdk/lib/gerbil-parser/languages/bash/v5-3/parser-core.scm)
... execute compile job (compile-file /private/tmp/mrr-clean-graph-sdk/lib/gerbil-parser/languages/bash/v5-3/parser-core~1.scm)
... execute compile job (compile-file /private/tmp/mrr-clean-graph-sdk/lib/gerbil-parser/src/compiler/machine~0.scm)
... execute compile job (compile-file /private/tmp/mrr-clean-graph-sdk/lib/gerbil-parser/src/compiler/machine.scm)
... execute compile job (compile-file /private/tmp/mrr-clean-graph-sdk/lib/gerbil-parser/src/compiler/lr-follow-automaton~0.scm)
... execute compile job (compile-file /private/tmp/mrr-clean-graph-sdk/lib/gerbil-parser/src/compiler/lr-follow-automaton.scm)
... execute compile job (compile-file /private/tmp/mrr-clean-graph-sdk/lib/gerbil-parser/languages/arithmetic/v1/direct-lr~0.scm)
... execute compile job (compile-file /private/tmp/mrr-clean-graph-sdk/lib/gerbil-parser/languages/arithmetic/v1/direct-lr.scm)
... execute compile job (compile-file /private/tmp/mrr-clean-graph-sdk/lib/gerbil-parser/src/compiler/machine~1.scm)
... execute compile job (compile-file /private/tmp/mrr-clean-graph-sdk/lib/gerbil-parser/languages/tla-plus/sany-proof~0.scm)
... execute compile job (compile-file /private/tmp/mrr-clean-graph-sdk/lib/gerbil-parser/languages/tla-plus/sany-proof.scm)
... execute compile job (compile-file /private/tmp/mrr-clean-graph-sdk/lib/gerbil-parser/languages/bash/v5-3/grammar~0.scm)
... execute compile job (compile-file /private/tmp/mrr-clean-graph-sdk/lib/gerbil-parser/languages/bash/v5-3/grammar.scm)
... execute compile job (compile-file /private/tmp/mrr-clean-graph-sdk/lib/gerbil-parser/src/testing/parser-ast~0.scm)
... execute compile job (compile-file /private/tmp/mrr-clean-graph-sdk/lib/gerbil-parser/src/testing/parser-ast.scm)
... execute compile job (compile-file /private/tmp/mrr-clean-graph-sdk/lib/gerbil-parser/src/testing/parser-ast~1.scm)
... execute compile job (compile-file /private/tmp/mrr-clean-graph-sdk/lib/gerbil-parser/src/compiler/lr-compiler~0.scm)
... execute compile job (compile-file /private/tmp/mrr-clean-graph-sdk/lib/gerbil-parser/src/compiler/lr-compiler.scm)
... execute compile job (compile-file /private/tmp/mrr-clean-graph-sdk/lib/gerbil-parser/src/runtime/significant~0.scm)
... execute compile job (compile-file /private/tmp/mrr-clean-graph-sdk/lib/gerbil-parser/src/runtime/significant.scm)
... execute compile job (compile-file /private/tmp/mrr-clean-graph-sdk/lib/gerbil-parser/src/runtime/lexer~0.scm)
... execute compile job (compile-file /private/tmp/mrr-clean-graph-sdk/lib/gerbil-parser/src/runtime/lexer.scm)
... execute compile job (compile-file /private/tmp/mrr-clean-graph-sdk/lib/gerbil-parser/src/compiler/rust-rowan~0.scm)
... execute compile job (compile-file /private/tmp/mrr-clean-graph-sdk/lib/gerbil-parser/src/compiler/rust-rowan.scm)
... execute compile job (compile-file /private/tmp/mrr-clean-graph-sdk/lib/gerbil-parser/src/compiler/event-strategy-aot~0.scm)
... execute compile job (compile-file /private/tmp/mrr-clean-graph-sdk/lib/gerbil-parser/src/compiler/event-strategy-aot.scm)
... execute compile job (compile-file /private/tmp/mrr-clean-graph-sdk/lib/gerbil-parser/src/compiler/event-strategy-aot~1.scm)
... execute compile job (compile-file /private/tmp/mrr-clean-graph-sdk/lib/gerbil-parser/src/compiler/line-structure-rowan~0.scm)
... execute compile job (compile-file /private/tmp/mrr-clean-graph-sdk/lib/gerbil-parser/src/compiler/line-structure-rowan.scm)
... execute compile job (compile-file /private/tmp/mrr-clean-graph-sdk/lib/gerbil-parser/src/compiler/graph-projection-rowan~0.scm)
... execute compile job (compile-file /private/tmp/mrr-clean-graph-sdk/lib/gerbil-parser/src/compiler/graph-projection-rowan.scm)
... execute compile job (compile-file /private/tmp/mrr-clean-graph-sdk/lib/gerbil-parser/src/compiler/parser-ir~0.scm)
... execute compile job (compile-file /private/tmp/mrr-clean-graph-sdk/lib/gerbil-parser/src/compiler/parser-ir.scm)
... execute compile job (compile-file /private/tmp/mrr-clean-graph-sdk/lib/gerbil-parser/src/runtime/probe~0.scm)
... execute compile job (compile-file /private/tmp/mrr-clean-graph-sdk/lib/gerbil-parser/src/runtime/probe.scm)
... execute compile job (compile-file /private/tmp/mrr-clean-graph-sdk/lib/gerbil-parser/src/runtime/parser~0.scm)
... execute compile job (compile-file /private/tmp/mrr-clean-graph-sdk/lib/gerbil-parser/src/runtime/parser.scm)
... execute compile job (compile-file /private/tmp/mrr-clean-graph-sdk/lib/gerbil-parser/src/runtime/probe~1.scm)
... execute compile job (compile-file /private/tmp/mrr-clean-graph-sdk/lib/gerbil-parser/src/runtime/parser~1.scm)
... execute compile job (compile-file /private/tmp/mrr-clean-graph-sdk/lib/gerbil-parser/src/ffi/rust-rowan-aot-v1~0.scm)
... execute compile job (compile-file /private/tmp/mrr-clean-graph-sdk/lib/gerbil-parser/src/ffi/rust-rowan-aot-v1.scm)
... execute compile job (compile-file /private/tmp/mrr-clean-graph-sdk/lib/gerbil-parser/languages/hcl/v2-24/direct-recursive~0.scm)
... execute compile job (compile-file /private/tmp/mrr-clean-graph-sdk/lib/gerbil-parser/languages/hcl/v2-24/direct-recursive.scm)
... execute compile job (compile-file /private/tmp/mrr-clean-graph-sdk/lib/gerbil-parser/line-structure-support.scm)
... execute compile job (compile-file /private/tmp/mrr-clean-graph-sdk/lib/gerbil-parser/src/compiler/event-fold-runtime~0.scm)
... execute compile job (compile-file /private/tmp/mrr-clean-graph-sdk/lib/gerbil-parser/src/compiler/event-fold-runtime.scm)
... execute compile job (compile-file /private/tmp/mrr-clean-graph-sdk/lib/gerbil-parser/graph-projection-support.scm)
... execute compile job (compile-file /private/tmp/mrr-clean-graph-sdk/lib/gerbil-parser/src/compiler/contextual-parser-ir~0.scm)
... execute compile job (compile-file /private/tmp/mrr-clean-graph-sdk/lib/gerbil-parser/src/compiler/contextual-parser-ir.scm)
... execute compile job (compile-file /private/tmp/mrr-clean-graph-sdk/lib/gerbil-parser/src/language/grammar.scm)
... execute compile job (compile-file /private/tmp/mrr-clean-graph-sdk/lib/gerbil-parser/src/runtime/reuse~0.scm)
... execute compile job (compile-file /private/tmp/mrr-clean-graph-sdk/lib/gerbil-parser/src/runtime/reuse.scm)
... execute compile job (compile-file /private/tmp/mrr-clean-graph-sdk/lib/gerbil-parser/src/runtime/actor~0.scm)
... execute compile job (compile-file /private/tmp/mrr-clean-graph-sdk/lib/gerbil-parser/src/runtime/actor.scm)
... execute compile job (compile-file /private/tmp/mrr-clean-graph-sdk/lib/gerbil-parser/src/compiler/rust-scanner~0.scm)
... execute compile job (compile-file /private/tmp/mrr-clean-graph-sdk/lib/gerbil-parser/src/compiler/rust-scanner.scm)
... execute compile job (compile-file /private/tmp/mrr-clean-graph-sdk/lib/gerbil-parser/src/language/grammar~1.scm)
... execute compile job (compile-file /private/tmp/mrr-clean-graph-sdk/lib/gerbil-parser/src/runtime/actor~1.scm)
... execute compile job (compile-file /private/tmp/mrr-clean-graph-sdk/lib/gerbil-parser/src/language/entry~0.scm)
... execute compile job (compile-file /private/tmp/mrr-clean-graph-sdk/lib/gerbil-parser/src/language/entry.scm)
... execute compile job (compile-file /private/tmp/mrr-clean-graph-sdk/lib/gerbil-parser/src/language/entry~1.scm)
... execute compile job (compile-file /private/tmp/mrr-clean-graph-sdk/lib/gerbil-parser/src/ffi/rust-rowan-aot-v1-native~0.scm)
... execute compile job (compile-file /private/tmp/mrr-clean-graph-sdk/lib/gerbil-parser/src/ffi/rust-rowan-aot-v1-native.scm)
... execute compile job (compile-file /private/tmp/mrr-clean-graph-sdk/lib/gerbil-parser/src/runtime/recovery~0.scm)
... execute compile job (compile-file /private/tmp/mrr-clean-graph-sdk/lib/gerbil-parser/src/runtime/recovery.scm)
... execute compile job (compile-file /private/tmp/mrr-clean-graph-sdk/lib/gerbil-parser/src/compiler/event-fold-ir~0.scm)
... execute compile job (compile-file /private/tmp/mrr-clean-graph-sdk/lib/gerbil-parser/src/compiler/event-fold-ir.scm)
... execute compile job (compile-file /private/tmp/mrr-clean-graph-sdk/lib/gerbil-parser/language-support/iso-bnf-language.scm)
... execute compile job (compile-file /private/tmp/mrr-clean-graph-sdk/lib/gerbil-parser/rust-rowan-support.scm)
... execute compile job (compile-file /private/tmp/mrr-clean-graph-sdk/lib/gerbil-parser/src/runtime/incremental~0.scm)
... execute compile job (compile-file /private/tmp/mrr-clean-graph-sdk/lib/gerbil-parser/src/runtime/incremental.scm)
... execute compile job (compile-file /private/tmp/mrr-clean-graph-sdk/lib/gerbil-parser/language-support/antlr4-language.scm)
... execute compile job (compile-file /private/tmp/mrr-clean-graph-sdk/lib/gerbil-parser/src/runtime/incremental~1.scm)
... execute compile job (compile-file /private/tmp/mrr-clean-graph-sdk/lib/gerbil-parser/language-support/iso-bnf-language~1.scm)
... execute compile job (compile-file /private/tmp/mrr-clean-graph-sdk/lib/gerbil-parser/language-support/antlr4-language~1.scm)
... execute compile job (compile-file /private/tmp/mrr-clean-graph-sdk/lib/gerbil-parser/rust-rowan-grammar-support.scm)
... execute compile job (compile-file /private/tmp/mrr-clean-graph-sdk/lib/gerbil-parser/languages/hl7/v2-2.5.1/grammar~0.scm)
... execute compile job (compile-file /private/tmp/mrr-clean-graph-sdk/lib/gerbil-parser/languages/hl7/v2-2.5.1/grammar.scm)
... execute compile job (compile-file /private/tmp/mrr-clean-graph-sdk/lib/gerbil-parser/languages/arithmetic/v1/grammar~0.scm)
... execute compile job (compile-file /private/tmp/mrr-clean-graph-sdk/lib/gerbil-parser/languages/arithmetic/v1/grammar.scm)
... execute compile job (compile-file /private/tmp/mrr-clean-graph-sdk/lib/gerbil-parser/languages/hcl/v2-24/grammar~0.scm)
... execute compile job (compile-file /private/tmp/mrr-clean-graph-sdk/lib/gerbil-parser/languages/hcl/v2-24/grammar.scm)
... execute compile job (compile-file /private/tmp/mrr-clean-graph-sdk/lib/gerbil-parser/parser-actor-support.scm)
... execute compile job (compile-file /private/tmp/mrr-clean-graph-sdk/lib/gerbil-parser/languages/bash/v5-3/parser~0.scm)
... execute compile job (compile-file /private/tmp/mrr-clean-graph-sdk/lib/gerbil-parser/languages/bash/v5-3/parser.scm)
... execute compile job (compile-file /private/tmp/mrr-clean-graph-sdk/lib/gerbil-parser/src/ffi/language-artifact-codec~0.scm)
... execute compile job (compile-file /private/tmp/mrr-clean-graph-sdk/lib/gerbil-parser/src/ffi/language-artifact-codec.scm)
... execute compile job (compile-file /private/tmp/mrr-clean-graph-sdk/lib/gerbil-parser/src/compiler/event-fold-aot.scm)
... execute compile job (compile-file /private/tmp/mrr-clean-graph-sdk/lib/gerbil-parser/src/ffi/language-artifact-codec~1.scm)
... execute compile job (compile-file /private/tmp/mrr-clean-graph-sdk/lib/gerbil-parser/src/compiler/event-fold-aot~1.scm)
... execute compile job (compile-file /private/tmp/mrr-clean-graph-sdk/lib/gerbil-parser/src/api.scm)
... execute compile job (compile-file /private/tmp/mrr-clean-graph-sdk/lib/gerbil-parser/language-support/grammar-source.scm)
... execute compile job (compile-file /private/tmp/mrr-clean-graph-sdk/lib/gerbil-parser/language-support/grammar-source~1.scm)
... execute compile job (compile-file /private/tmp/mrr-clean-graph-sdk/lib/gerbil-parser/languages/cypher/opencypher-2024-1/grammar~0.scm)
... execute compile job (compile-file /private/tmp/mrr-clean-graph-sdk/lib/gerbil-parser/languages/cypher/opencypher-2024-1/grammar.scm)
... execute compile job (compile-file /private/tmp/mrr-clean-graph-sdk/lib/gerbil-parser/languages/gql/iso-39075-2024/grammar~0.scm)
... execute compile job (compile-file /private/tmp/mrr-clean-graph-sdk/lib/gerbil-parser/languages/gql/iso-39075-2024/grammar.scm)
... execute compile job (compile-file /private/tmp/mrr-clean-graph-sdk/lib/gerbil-parser/languages/hl7/v2-2.5.1/parser~0.scm)
... execute compile job (compile-file /private/tmp/mrr-clean-graph-sdk/lib/gerbil-parser/languages/hl7/v2-2.5.1/parser.scm)
... execute compile job (compile-file /private/tmp/mrr-clean-graph-sdk/lib/gerbil-parser/languages/arithmetic/v1/parser~0.scm)
... execute compile job (compile-file /private/tmp/mrr-clean-graph-sdk/lib/gerbil-parser/languages/arithmetic/v1/parser.scm)
... execute compile job (compile-file /private/tmp/mrr-clean-graph-sdk/lib/gerbil-parser/languages/hcl/v2-24/parser~0.scm)
... execute compile job (compile-file /private/tmp/mrr-clean-graph-sdk/lib/gerbil-parser/languages/hcl/v2-24/parser.scm)
... execute compile job (compile-file /private/tmp/mrr-clean-graph-sdk/lib/gerbil-parser/src/ffi/language-handles~0.scm)
... execute compile job (compile-file /private/tmp/mrr-clean-graph-sdk/lib/gerbil-parser/src/ffi/language-handles.scm)
... execute compile job (compile-file /private/tmp/mrr-clean-graph-sdk/lib/gerbil-parser/rust-rowan-event-support.scm)
... execute compile job (compile-file /private/tmp/mrr-clean-graph-sdk/lib/gerbil-parser/languages/tla-plus/source~0.scm)
... execute compile job (compile-file /private/tmp/mrr-clean-graph-sdk/lib/gerbil-parser/languages/tla-plus/source.scm)
... execute compile job (compile-file /private/tmp/mrr-clean-graph-sdk/lib/gerbil-parser/languages/gql/iso-39075-2024/source~0.scm)
... execute compile job (compile-file /private/tmp/mrr-clean-graph-sdk/lib/gerbil-parser/languages/gql/iso-39075-2024/source.scm)
... execute compile job (compile-file /private/tmp/mrr-clean-graph-sdk/lib/gerbil-parser/languages/fhirpath/v2.0.0/source~0.scm)
... execute compile job (compile-file /private/tmp/mrr-clean-graph-sdk/lib/gerbil-parser/languages/fhirpath/v2.0.0/source.scm)
... execute compile job (compile-file /private/tmp/mrr-clean-graph-sdk/lib/gerbil-parser/language-support.scm)
... execute compile job (compile-file /private/tmp/mrr-clean-graph-sdk/lib/gerbil-parser/languages/cypher/opencypher-2024-1/parser~0.scm)
... execute compile job (compile-file /private/tmp/mrr-clean-graph-sdk/lib/gerbil-parser/languages/cypher/opencypher-2024-1/parser.scm)
... execute compile job (compile-file /private/tmp/mrr-clean-graph-sdk/lib/gerbil-parser/languages/cypher/opencypher-2024-1/source~0.scm)
... execute compile job (compile-file /private/tmp/mrr-clean-graph-sdk/lib/gerbil-parser/languages/cypher/opencypher-2024-1/source.scm)
... execute compile job (compile-file /private/tmp/mrr-clean-graph-sdk/lib/gerbil-parser/languages/gql/iso-39075-2024/parser~0.scm)
... execute compile job (compile-file /private/tmp/mrr-clean-graph-sdk/lib/gerbil-parser/languages/gql/iso-39075-2024/parser.scm)
... execute compile job (compile-file /private/tmp/mrr-clean-graph-sdk/lib/gerbil-parser/native-language-support.scm)
... execute compile job (compile-file /private/tmp/mrr-clean-graph-sdk/lib/gerbil-parser/src/ffi/language-v2-native~0.scm)
... execute compile job (compile-file /private/tmp/mrr-clean-graph-sdk/lib/gerbil-parser/src/ffi/language-v2-native.scm)
... execute compile job (compile-file /private/tmp/mrr-clean-graph-sdk/lib/gerbil-parser/languages/tla-plus/grammars/layout~0.scm)
... execute compile job (compile-file /private/tmp/mrr-clean-graph-sdk/lib/gerbil-parser/languages/tla-plus/grammars/layout.scm)
... execute compile job (compile-file /private/tmp/mrr-clean-graph-sdk/lib/gerbil-parser/languages/tla-plus/grammars/core~0.scm)
... execute compile job (compile-file /private/tmp/mrr-clean-graph-sdk/lib/gerbil-parser/languages/tla-plus/grammars/core.scm)
... execute compile job (compile-file /private/tmp/mrr-clean-graph-sdk/lib/gerbil-parser/languages/tla-plus/grammars/sany-candidate~0.scm)
... execute compile job (compile-file /private/tmp/mrr-clean-graph-sdk/lib/gerbil-parser/languages/tla-plus/grammars/sany-candidate.scm)
... execute compile job (compile-file /private/tmp/mrr-clean-graph-sdk/lib/gerbil-parser/languages/fhirpath/v2.0.0/grammar~0.scm)
... execute compile job (compile-file /private/tmp/mrr-clean-graph-sdk/lib/gerbil-parser/languages/fhirpath/v2.0.0/grammar.scm)
... execute compile job (compile-file /private/tmp/mrr-clean-graph-sdk/lib/gerbil-parser/languages/cypher/opencypher-2024-1/fixtures~0.scm)
... execute compile job (compile-file /private/tmp/mrr-clean-graph-sdk/lib/gerbil-parser/languages/cypher/opencypher-2024-1/fixtures.scm)
... execute compile job (compile-file /private/tmp/mrr-clean-graph-sdk/lib/gerbil-parser/languages/hcl/v2-24/fixtures~0.scm)
... execute compile job (compile-file /private/tmp/mrr-clean-graph-sdk/lib/gerbil-parser/languages/hcl/v2-24/fixtures.scm)
... execute compile job (compile-file /private/tmp/mrr-clean-graph-sdk/lib/gerbil-parser/languages/arithmetic/v1/fixtures~0.scm)
... execute compile job (compile-file /private/tmp/mrr-clean-graph-sdk/lib/gerbil-parser/languages/arithmetic/v1/fixtures.scm)
... execute compile job (compile-file /private/tmp/mrr-clean-graph-sdk/lib/gerbil-parser/languages/gql/iso-39075-2024/fixtures~0.scm)
... execute compile job (compile-file /private/tmp/mrr-clean-graph-sdk/lib/gerbil-parser/languages/gql/iso-39075-2024/fixtures.scm)
... execute compile job (compile-file /private/tmp/mrr-clean-graph-sdk/lib/gerbil-parser/src/ffi/parse-artifact-v1~0.scm)
... execute compile job (compile-file /private/tmp/mrr-clean-graph-sdk/lib/gerbil-parser/src/ffi/parse-artifact-v1.scm)
... execute compile job (compile-file /private/tmp/mrr-clean-graph-sdk/lib/gerbil-parser/languages/tla-plus/fixtures~0.scm)
... execute compile job (compile-file /private/tmp/mrr-clean-graph-sdk/lib/gerbil-parser/languages/tla-plus/fixtures.scm)
... execute compile job (compile-file /private/tmp/mrr-clean-graph-sdk/lib/gerbil-parser/languages/tla-plus/parser~0.scm)
... execute compile job (compile-file /private/tmp/mrr-clean-graph-sdk/lib/gerbil-parser/languages/tla-plus/parser.scm)
... execute compile job (compile-file /private/tmp/mrr-clean-graph-sdk/lib/gerbil-parser/languages/tla-plus/sany-candidate~0.scm)
... execute compile job (compile-file /private/tmp/mrr-clean-graph-sdk/lib/gerbil-parser/languages/tla-plus/sany-candidate.scm)
... execute compile job (compile-file /private/tmp/mrr-clean-graph-sdk/lib/gerbil-parser/languages/fhirpath/v2.0.0/parser~0.scm)
... execute compile job (compile-file /private/tmp/mrr-clean-graph-sdk/lib/gerbil-parser/languages/fhirpath/v2.0.0/parser.scm)
... execute compile job (compile-file /private/tmp/mrr-clean-graph-sdk/lib/gerbil-parser/src/ffi/parse-artifact-v1-native~0.scm)
... execute compile job (compile-file /private/tmp/mrr-clean-graph-sdk/lib/gerbil-parser/src/ffi/parse-artifact-v1-native.scm)
... execute compile job (compile-file /private/tmp/mrr-clean-graph-sdk/lib/gerbil-parser/languages/tla-plus/qualification~0.scm)
... execute compile job (compile-file /private/tmp/mrr-clean-graph-sdk/lib/gerbil-parser/languages/tla-plus/qualification.scm)
... execute compile job (compile-file /private/tmp/mrr-clean-graph-sdk/lib/gerbil-parser/languages/tla-plus/qualification~1.scm)
... fetching github.com/tao3k/gerbil-poo
... checking out 099b381588360a8a49fd772f666a1a00351366f5
... pulling
... build github.com/tao3k/gerbil-poo
... cloning github.com/tao3k/asp-gerbil-scheme
... checking out v0.1.2.2
... fetching github.com/tao3k/gerbil-poo
... checking out 099b381588360a8a49fd772f666a1a00351366f5
... pulling
... build github.com/tao3k/gerbil-poo
... build github.com/tao3k/asp-gerbil-scheme
... fetching github.com/tao3k/gerbil-parser
... checking out a3fe7846a7b1c544897d6537142e5e203d4b05d3
... pulling
... cloning github.com/tao3k/poo-flow-core
... checking out e85fd45303b208b23e5957fd316e7004994109a4
... pulling
... fetching github.com/tao3k/gerbil-poo
... checking out 099b381588360a8a49fd772f666a1a00351366f5
... pulling
... build github.com/tao3k/gerbil-poo
... build github.com/tao3k/poo-flow-core
... fetching github.com/tao3k/asp-gerbil-scheme
... checking out v0.1.2.2
... fetching github.com/tao3k/gerbil-poo
... checking out 099b381588360a8a49fd772f666a1a00351366f5
... pulling
... bu... compile languages/org/v1/modules/org-elements/graph-types.ss
... execute compile job (compile-file /private/tmp/mrr-clean-graph-sdk/lib/orgize/languages/org/v1/modules/org-elements/graph-types~0.scm)
... execute compile job (compile-file /private/tmp/mrr-clean-graph-sdk/lib/orgize/languages/org/v1/modules/org-elements/graph-types.scm)
... compile languages/org/v1/modules/org-elements/graph-objects.ss
... execute compile job (compile-file /private/tmp/mrr-clean-graph-sdk/lib/orgize/languages/org/v1/modules/org-elements/graph-objects~0.scm)
... execute compile job (compile-file /private/tmp/mrr-clean-graph-sdk/lib/orgize/languages/org/v1/modules/org-elements/graph-objects.scm)
... compile languages/org/v1/graph-shape.ss
... compile languages/org/v1/modules/org-elements/types.ss
... compile languages/org/v1/modules/org-elements/objects.ss
... compile languages/org/v1/modules/org-contract/types.ss
... execute compile job (compile-file /private/tmp/mrr-clean-graph-sdk/lib/orgize/languages/org/v1/graph-shape~0.scm)
... compile languages/org/v1/modules/org-elements/funs.ss
... compile languages/org/v1/modules/org-contract/objects.ss
... compile languages/org/v1/modules/org-contract/config.ss
... execute compile job (compile-file /private/tmp/mrr-clean-graph-sdk/lib/orgize/languages/org/v1/graph-shape.scm)
... compile languages/org/v1/modules/org-elements/syntax.ss
... execute compile job (compile-file /private/tmp/mrr-clean-graph-sdk/lib/orgize/languages/org/v1/modules/org-elements/types~0.scm)
... execute compile job (compile-file /private/tmp/mrr-clean-graph-sdk/lib/orgize/languages/org/v1/modules/org-elements/types.scm)
... compile languages/org/v1/modules/org-elements/runtime-interface.ss
... compile languages/org/v1/modules/org-contract/funs.ss
... compile languages/org/v1/modules/org-contract/syntax.ss
... execute compile job (compile-file /private/tmp/mrr-clean-graph-sdk/lib/orgize/languages/org/v1/modules/org-elements/objects~0.scm)
... execute compile job (compile-file /private/tmp/mrr-clean-graph-sdk/lib/orgize/languages/org/v1/modules/org-elements/objects.scm)
... compile languages/org/v1/modules/org-contract/runtime-interface.ss
... compile bindings/c/orgize-native.ss
... execute compile job (compile-file /private/tmp/mrr-clean-graph-sdk/lib/orgize/languages/org/v1/modules/org-contract/types~0.scm)
... execute compile job (compile-file /private/tmp/mrr-clean-graph-sdk/lib/orgize/languages/org/v1/modules/org-contract/types.scm)
... execute compile job (compile-file /private/tmp/mrr-clean-graph-sdk/lib/orgize/languages/org/v1/modules/org-elements/funs~0.scm)
... execute compile job (compile-file /private/tmp/mrr-clean-graph-sdk/lib/orgize/languages/org/v1/modules/org-elements/funs.scm)
... execute compile job (compile-file /private/tmp/mrr-clean-graph-sdk/lib/orgize/languages/org/v1/modules/org-contract/objects~0.scm)
... execute compile job (compile-file /private/tmp/mrr-clean-graph-sdk/lib/orgize/languages/org/v1/modules/org-contract/objects.scm)
... execute compile job (compile-file /private/tmp/mrr-clean-graph-sdk/lib/orgize/languages/org/v1/modules/org-contract/config~0.scm)
... execute compile job (compile-file /private/tmp/mrr-clean-graph-sdk/lib/orgize/languages/org/v1/modules/org-contract/config.scm)
... execute compile job (compile-file /private/tmp/mrr-clean-graph-sdk/lib/orgize/languages/org/v1/modules/org-elements/syntax.scm)
... execute compile job (compile-file /private/tmp/mrr-clean-graph-sdk/lib/orgize/languages/org/v1/modules/org-elements/syntax~1.scm)
... execute compile job (compile-file /private/tmp/mrr-clean-graph-sdk/lib/orgize/languages/org/v1/modules/org-elements/runtime-interface.scm)
... execute compile job (compile-file /private/tmp/mrr-clean-graph-sdk/lib/orgize/languages/org/v1/modules/org-contract/funs~0.scm)
... execute compile job (compile-file /private/tmp/mrr-clean-graph-sdk/lib/orgize/languages/org/v1/modules/org-contract/funs.scm)
... execute compile job (compile-file /private/tmp/mrr-clean-graph-sdk/lib/orgize/languages/org/v1/modules/org-contract/syntax.scm)
... execute compile job (compile-file /private/tmp/mrr-clean-graph-sdk/lib/orgize/languages/org/v1/modules/org-contract/syntax~1.scm)
... execute compile job (compile-file /private/tmp/mrr-clean-graph-sdk/lib/orgize/languages/org/v1/modules/org-contract/runtime-interface.scm)
... execute compile job (compile-file /private/tmp/mrr-clean-graph-sdk/lib/orgize/bindings/c/orgize-native~0.scm)
... execute compile job (compile-file /private/tmp/mrr-clean-graph-sdk/lib/orgize/bindings/c/orgize-native.scm)
ild github.com/tao3k/asp-gerbil-scheme
... build github.com/tao3k/gerbil-parser
... fetching github.com/tao3k/orgize
... checking out 16d2a8c3ac168d73b890262b29b756d4b4ec3361
... pulling
... fetching github.com/tao3k/gerbil-parser
... checking out a3fe7846a7b1c544897d6537142e5e203d4b05d3
... pulling
... fetching github.com/tao3k/poo-flow-core
... checking out e85fd45303b208b23e5957fd316e7004994109a4
... pulling
... fetching github.com/tao3k/gerbil-poo
... checking out 099b381588360a8a49fd772f666a1a00351366f5
... pulling
... build github.com/tao3k/gerbil-poo
... build github.com/tao3k/poo-flow-core
... fetching github.com/tao3k/asp-gerbil-scheme
... checking out v0.1.2.2
... fetching github.com/tao3k/gerbil-poo
... checking out 099b381588360a8a49fd772f666a1a00351366f5
... pulling
... build github.com/tao3k/asp-gerbil-scheme
... build github.com/tao3k/gerbil-parser
... build github.com/tao3k/orgize
... fetching github.com/tao3k/gerbil-ascent
... checking out 0176c061877ff364e0037ce56d7d085848a9ad60
... pulling
... compile table/expression
... compile table/funs
... compile table/eqrel
... compile table/trrel
... execute compile job (compile-file /private/tmp/mrr-clean-graph-sdk/lib/gerbil-ascent/table/expression~0.scm)
... execute compile job (compile-file /private/tmp/mrr-clean-graph-sdk/lib/gerbil-ascent/table/expression.scm)
... compile program/aggregators
... execute compile job (compile-file /private/tmp/mrr-clean-graph-sdk/lib/gerbil-ascent/table/eqrel~0.scm)
... execute compile job (compile-file /private/tmp/mrr-clean-graph-sdk/lib/gerbil-ascent/table/eqrel.scm)
... compile program/funs
... compile program/analysis
... compile program/summary
... execute compile job (compile-file /private/tmp/mrr-clean-graph-sdk/lib/gerbil-ascent/table/trrel~0.scm)
... compile candidate/closure
... compile candidate/types
... compile interface/request
... compile core/binary-program
... execute compile job (compile-file /private/tmp/mrr-clean-graph-sdk/lib/gerbil-ascent/table/trrel.scm)
... execute compile job (compile-file /private/tmp/mrr-clean-graph-sdk/lib/gerbil-ascent/table/funs~0.scm)
... execute compile job (compile-file /private/tmp/mrr-clean-graph-sdk/lib/gerbil-ascent/table/funs.scm)
... compile table/provider
... compile table/storage
... compile table/interface
... compile program/types
... execute compile job (compile-file /private/tmp/mrr-clean-graph-sdk/lib/gerbil-ascent/program/aggregators~0.scm)
... compile program/objects
... execute compile job (compile-file /private/tmp/mrr-clean-graph-sdk/lib/gerbil-ascent/program/aggregators.scm)
... execute compile job (compile-file /private/tmp/mrr-clean-graph-sdk/lib/gerbil-ascent/program/analysis~0.scm)
... compile program/planning
... compile program/scheme-checked
... compile program/syntax
... execute compile job (compile-file /private/tmp/mrr-clean-graph-sdk/lib/gerbil-ascent/program/analysis.scm)
... execute compile job (compile-file /private/tmp/mrr-clean-graph-sdk/lib/gerbil-ascent/program/funs~0.scm)
... execute compile job (compile-file /private/tmp/mrr-clean-graph-sdk/lib/gerbil-ascent/program/funs.scm)
... execute compile job (compile-file /private/tmp/mrr-clean-graph-sdk/lib/gerbil-ascent/program/summary~0.scm)
... execute compile job (compile-file /private/tmp/mrr-clean-graph-sdk/lib/gerbil-ascent/program/summary.scm)
... execute compile job (compile-file /private/tmp/mrr-clean-graph-sdk/lib/gerbil-ascent/candidate/closure~0.scm)
... execute compile job (compile-file /private/tmp/mrr-clean-graph-sdk/lib/gerbil-ascent/candidate/closure.scm)
... execute compile job (compile-file /private/tmp/mrr-clean-graph-sdk/lib/gerbil-ascent/interface/request~0.scm)
... execute compile job (compile-file /private/tmp/mrr-clean-graph-sdk/lib/gerbil-ascent/interface/request.scm)
... execute compile job (compile-file /private/tmp/mrr-clean-graph-sdk/lib/gerbil-ascent/candidate/types~0.scm)
... execute compile job (compile-file /private/tmp/mrr-clean-graph-sdk/lib/gerbil-ascent/candidate/types.scm)
... execute compile job (compile-file /private/tmp/mrr-clean-graph-sdk/lib/gerbil-ascent/core/binary-program~0.scm)
... execute compile job (compile-file /private/tmp/mrr-clean-graph-sdk/lib/gerbil-ascent/core/binary-program.scm)
... execute compile job (compile-file /private/tmp/mrr-clean-graph-sdk/lib/gerbil-ascent/candidate/types~1.scm)
... execute compile job (compile-file /private/tmp/mrr-clean-graph-sdk/lib/gerbil-ascent/table/provider~0.scm)
... execute compile job (compile-file /private/tmp/mrr-clean-graph-sdk/lib/gerbil-ascent/table/provider.scm)
... execute compile job (compile-file /private/tmp/mrr-clean-graph-sdk/lib/gerbil-ascent/table/storage~0.scm)
... execute compile job (compile-file /private/tmp/mrr-clean-graph-sdk/lib/gerbil-ascent/table/storage.scm)
... execute compile job (compile-file /private/tmp/mrr-clean-graph-sdk/lib/gerbil-ascent/table/interface.scm)
... execute compile job (compile-file /private/tmp/mrr-clean-graph-sdk/lib/gerbil-ascent/program/types~0.scm)
... execute compile job (compile-file /private/tmp/mrr-clean-graph-sdk/lib/gerbil-ascent/program/types.scm)
... execute compile job (compile-file /private/tmp/mrr-clean-graph-sdk/lib/gerbil-ascent/program/objects~0.scm)
... execute compile job (compile-file /private/tmp/mrr-clean-graph-sdk/lib/gerbil-ascent/program/objects.scm)
... execute compile job (compile-file /private/tmp/mrr-clean-graph-sdk/lib/gerbil-ascent/program/planning~0.scm)
... execute compile job (compile-file /private/tmp/mrr-clean-graph-sdk/lib/gerbil-ascent/program/planning.scm)
... compile program/evaluate
... compile program/operator
... compile candidate/program
... execute compile job (compile-file /private/tmp/mrr-clean-graph-sdk/lib/gerbil-ascent/program/scheme-checked~0.scm)
... execute compile job (compile-file /private/tmp/mrr-clean-graph-sdk/lib/gerbil-ascent/program/scheme-checked.scm)
... execute compile job (compile-file /private/tmp/mrr-clean-graph-sdk/lib/gerbil-ascent/program/syntax.scm)
... compile program/session
... execute compile job (compile-file /private/tmp/mrr-clean-graph-sdk/lib/gerbil-ascent/program/syntax~1.scm)
... execute compile job (compile-file /private/tmp/mrr-clean-graph-sdk/lib/gerbil-ascent/program/evaluate~0.scm)
... compile candidate/funs
... compile program/operator-change
... compile program/scheme-admission
... compile candidate/provenance
... compile candidate/finite-evidence
... compile program/scheme-language
... compile program/operator-session
... execute compile job (compile-file /private/tmp/mrr-clean-graph-sdk/lib/gerbil-ascent/program/evaluate.scm)
... execute compile job (compile-file /private/tmp/mrr-clean-graph-sdk/lib/gerbil-ascent/program/operator~0.scm)
... execute compile job (compile-file /private/tmp/mrr-clean-graph-sdk/lib/gerbil-ascent/program/operator.scm)
... execute compile job (compile-file /private/tmp/mrr-clean-graph-sdk/lib/gerbil-ascent/candidate/program~0.scm)
... compile candidate/stratified-proof
... compile candidate/nonmembership
... compile program/interface
... compile candidate/stratified-producer
... compile candidate/reasoning
... compile temporal/lens
... execute compile job (compile-file /private/tmp/mrr-clean-graph-sdk/lib/gerbil-ascent/candidate/program.scm)
... execute compile job (compile-file /private/tmp/mrr-clean-graph-sdk/lib/gerbil-ascent/program/operator~1.scm)
... execute compile job (compile-file /private/tmp/mrr-clean-graph-sdk/lib/gerbil-ascent/program/session~0.scm)
... execute compile job (compile-file /private/tmp/mrr-clean-graph-sdk/lib/gerbil-ascent/program/session.scm)
... execute compile job (compile-file /private/tmp/mrr-clean-graph-sdk/lib/gerbil-ascent/candidate/funs~0.scm)
... execute compile job (compile-file /private/tmp/mrr-clean-graph-sdk/lib/gerbil-ascent/candidate/funs.scm)
... execute compile job (compile-file /private/tmp/mrr-clean-graph-sdk/lib/gerbil-ascent/program/operator-change~0.scm)
... execute compile job (compile-file /private/tmp/mrr-clean-graph-sdk/lib/gerbil-ascent/program/operator-change.scm)
... execute compile job (compile-file /private/tmp/mrr-clean-graph-sdk/lib/gerbil-ascent/program/scheme-admission~0.scm)
... execute compile job (compile-file /private/tmp/mrr-clean-graph-sdk/lib/gerbil-ascent/program/scheme-admission.scm)
... execute compile job (compile-file /private/tmp/mrr-clean-graph-sdk/lib/gerbil-ascent/program/scheme-admission~1.scm)
... execute compile job (compile-file /private/tmp/mrr-clean-graph-sdk/lib/gerbil-ascent/candidate/finite-evidence~0.scm)
... execute compile job (compile-file /private/tmp/mrr-clean-graph-sdk/lib/gerbil-ascent/candidate/finite-evidence.scm)
... execute compile job (compile-file /private/tmp/mrr-clean-graph-sdk/lib/gerbil-ascent/candidate/provenance~0.scm)
... execute compile job (compile-file /private/tmp/mrr-clean-graph-sdk/lib/gerbil-ascent/candidate/provenance.scm)
... execute compile job (compile-file /private/tmp/mrr-clean-graph-sdk/lib/gerbil-ascent/candidate/finite-evidence~1.scm)
... execute compile job (compile-file /private/tmp/mrr-clean-graph-sdk/lib/gerbil-ascent/candidate/provenance~1.scm)
... execute compile job (compile-file /private/tmp/mrr-clean-graph-sdk/lib/gerbil-ascent/program/scheme-language.scm)
... execute compile job (compile-file /private/tmp/mrr-clean-graph-sdk/lib/gerbil-ascent/program/operator-session~0.scm)
... execute compile job (compile-file /private/tmp/mrr-clean-graph-sdk/lib/gerbil-ascent/program/operator-session.scm)
... execute compile job (compile-file /private/tmp/mrr-clean-graph-sdk/lib/gerbil-ascent/program/scheme-language~1.scm)
... execute compile job (compile-file /private/tmp/mrr-clean-graph-sdk/lib/gerbil-ascent/program/operator-session~1.scm)
... execute compile job (compile-file /private/tmp/mrr-clean-graph-sdk/lib/gerbil-ascent/candidate/stratified-proof~0.scm)
... execute compile job (compile-file /private/tmp/mrr-clean-graph-sdk/lib/gerbil-ascent/candidate/stratified-proof.scm)
... execute compile job (compile-file /private/tmp/mrr-clean-graph-sdk/lib/gerbil-ascent/candidate/nonmembership~0.scm)
... execute compile job (compile-file /private/tmp/mrr-clean-graph-sdk/lib/gerbil-ascent/candidate/nonmembership.scm)
... execute compile job (compile-file /private/tmp/mrr-clean-graph-sdk/lib/gerbil-ascent/candidate/nonmembership~1.scm)
... execute compile job (compile-file /private/tmp/mrr-clean-graph-sdk/lib/gerbil-ascent/program/interface.scm)
... execute compile job (compile-file /private/tmp/mrr-clean-graph-sdk/lib/gerbil-ascent/candidate/stratified-producer~0.scm)
... execute compile job (compile-file /private/tmp/mrr-clean-graph-sdk/lib/gerbil-ascent/candidate/stratified-producer.scm)
... execute compile job (compile-file /private/tmp/mrr-clean-graph-sdk/lib/gerbil-ascent/candidate/reasoning~0.scm)
... execute compile job (compile-file /private/tmp/mrr-clean-graph-sdk/lib/gerbil-ascent/candidate/reasoning.scm)
... execute compile job (compile-file /private/tmp/mrr-clean-graph-sdk/lib/gerbil-ascent/candidate/reasoning~1.scm)
... execute compile job (compile-file /private/tmp/mrr-clean-graph-sdk/lib/gerbil-ascent/temporal/lens~0.scm)
... execute compile job (compile-file /private/tmp/mrr-clean-graph-sdk/lib/gerbil-ascent/temporal/lens.scm)
... fetching github.com/tao3k/poo-flow-core
... checking out e85fd45303b208b23e5957fd316e7004994109a4
... pulling
... fetching github.com/tao3k/gerbil-poo
... checking out 099b381588360a8a49fd772f666a1a00351366f5
... pulling
... build github.com/tao3k/gerbil-poo
... build github.com/tao3k/poo-flow-core
... fetching github.com/tao3k/asp-gerbil-scheme
... checking out v0.1.2.2
... fetching github.com/tao3k/gerbil-poo
... checking out 099b381588360a8a49fd772f666a1a00351366f5
... pulling
... build github.com/tao3k/asp-gerbil-scheme
... build github.com/tao3k/gerbil-ascent
... tagging packages
